fare,cabin,embarked,home.dest,survived,pclass,name,sex,age,sibsp,parch,ticket
227.525,C45,C,"New York, NY",1,1.0,"Endres, Miss. Caroline Louise",female,38.0,0.0,0.0,PC 17757
52.0,A14,S,"Stoughton, MA",0,1.0,"Clifford, Mr. George Quincy",male,,0.0,0.0,110465
110.8833,,C,,1,1.0,"Fleming, Miss. Margaret",female,,0.0,0.0,17421
13.0,,S,"Worcester, MA",0,2.0,"Montvila, Rev. Juozas",male,27.0,0.0,0.0,211536
7.225,,C,,0,3.0,"Youseff, Mr. Gerious",male,45.5,0.0,0.0,2628
13.0,D,S,"Bristol, Avon / Jacksonville, FL",1,2.0,"Ball, Mrs. (Ada E Hall)",female,36.0,0.0,0.0,28551
8.6625,,S,,0,3.0,"Oreskovic, Miss. Marija",female,20.0,0.0,0.0,315096
7.0542,,S,,0,3.0,"Jensen, Mr. Svend Lauritz",male,17.0,1.0,0.0,350048
14.4583,,C,,0,3.0,"Yousseff, Mr. Gerious",male,,0.0,0.0,2627
7.925,,S,"Salo, Finland Astoria, OR",0,3.0,"Alhomaki, Mr. Ilmari Rudolf",male,20.0,0.0,0.0,SOTON/O2 3101287
26.0,,S,"Norwich / New York, NY",1,2.0,"Beane, Mrs. Edward (Ethel Clarke)",female,19.0,1.0,0.0,2908
23.45,,S,,0,3.0,"Johnston, Master. William Arthur ""Willie""",male,,1.0,2.0,W./C. 6607
26.55,,S,London,0,1.0,"Rowe, Mr. Alfred G",male,33.0,0.0,0.0,113790
7.225,,C,,0,3.0,"Lahoud, Mr. Sarkis",male,,0.0,0.0,2624
9.5,,S,,0,3.0,"Vande Walle, Mr. Nestor Cyriel",male,28.0,0.0,0.0,345770
39.0,,S,"Cape Town, South Africa / Seattle, WA",0,2.0,"Brown, Mr. Thomas William Solomon",male,60.0,1.0,1.0,29750
31.5,,S,"Guernsey / Elizabeth, NJ",0,2.0,"Jefferys, Mr. Clifford Thomas",male,24.0,2.0,0.0,C.A. 31029
7.75,,Q,"Co Sligo, Ireland Hartford, CT",0,3.0,"Carr, Miss. Jeannie",female,37.0,0.0,0.0,368364
8.4333,,S,,0,3.0,"Kalvik, Mr. Johannes Halvorsen",male,21.0,0.0,0.0,8475
7.7958,,S,"Oskarshamn, Sweden Minneapolis, MN",1,3.0,"Asplund, Mr. Johan Charles",male,23.0,0.0,0.0,350054
76.2917,D15,C,"Philadelphia, PA",1,1.0,"Bucknell, Mrs. William Robert (Emma Eliza Ward)",female,60.0,0.0,0.0,11813
512.3292,B51 B53 B55,C,"Germantown, Philadelphia, PA",1,1.0,"Cardeza, Mrs. James Warburton Martinez (Charlotte Wardle Drake)",female,58.0,0.0,1.0,PC 17755
42.4,,S,"Washington, DC",0,1.0,"Moore, Mr. Clarence Bloomfield",male,47.0,0.0,0.0,113796
146.5208,B78,C,"Paris, France",1,1.0,"Spencer, Mrs. William Augustus (Marie Eugenie)",female,,1.0,0.0,PC 17569
8.05,,S,"London Brooklyn, NY",1,3.0,"Cohen, Mr. Gurshon ""Gus""",male,18.0,0.0,0.0,A/5 3540
21.0,,S,"Elizabeth, NJ",1,2.0,"Renouf, Mrs. Peter Henry (Lillian Jefferys)",female,30.0,3.0,0.0,31027
8.3,,S,"Windsor, England New York, NY",0,3.0,"Allum, Mr. Owen George",male,18.0,0.0,0.0,2223
7.8792,,Q,,1,3.0,"McGovern, Miss. Mary",female,,0.0,0.0,330931
39.6,,S,"Paris /  New York, NY",1,1.0,"Rheims, Mr. George Alexander Lucien",male,,0.0,0.0,PC 17607
6.4958,,S,,0,3.0,"Wiklund, Mr. Karl Johan",male,21.0,1.0,0.0,3101266
7.75,,Q,,1,3.0,"Madigan, Miss. Margaret ""Maggie""",female,,0.0,0.0,370370
13.8625,D38,C,"Cologne, Germany",1,2.0,"Nourney, Mr. Alfred (""Baron von Drachstedt"")",male,20.0,0.0,0.0,SC/PARIS 2166
8.6625,,C,,0,3.0,"Stankovic, Mr. Ivan",male,33.0,0.0,0.0,349239
73.5,,S,"West Hampstead, London / Neepawa, MB",0,2.0,"Hickman, Mr. Leonard Mark",male,24.0,2.0,0.0,S.O.C. 14879
13.0,,S,"Bronx, NY",0,2.0,"Greenberg, Mr. Samuel",male,52.0,0.0,0.0,250647
63.3583,D10 D12,C,"New York, NY",1,1.0,"Greenfield, Mrs. Leo David (Blanche Strouse)",female,45.0,0.0,1.0,PC 17759
11.5,,S,"Buenos Aires, Argentina / New Jersey, NJ",0,2.0,"Andrew, Mr. Edgardo Samuel",male,18.0,0.0,0.0,231945
7.2292,,C,,0,3.0,"Torfa, Mr. Assad",male,,0.0,0.0,2673
15.2458,,C,,1,3.0,"Touma, Mrs. Darwis (Hanne Youssef Razi)",female,29.0,0.0,2.0,2650
7.8542,,S,,0,3.0,"Vendel, Mr. Olof Edvin",male,20.0,0.0,0.0,350416
79.2,,C,"New York, NY",0,1.0,"Rosenshine, Mr. George (""Mr George Thorne"")",male,46.0,0.0,0.0,PC 17585
21.0,,S,"India / Pittsburgh, PA",0,2.0,"Karnes, Mrs. J Frank (Claire Bennett)",female,22.0,0.0,0.0,F.C.C. 13534
8.7125,,C,,0,3.0,"Paulner, Mr. Uscher",male,,0.0,0.0,3411
14.5,,S,"Detroit, MI",1,2.0,"Hamalainen, Mrs. William (Anna)",female,24.0,0.0,2.0,250649
7.8542,,S,,0,3.0,"Vestrom, Miss. Hulda Amanda Adolfina",female,14.0,0.0,0.0,350406
12.475,E121,S,,1,3.0,"Moor, Mrs. (Beila)",female,27.0,0.0,1.0,392096
22.525,,S,"Bergen, Norway",0,3.0,"Andersen, Mr. Albert Karvin",male,32.0,0.0,0.0,C 4001
21.0,,S,"Mamaroneck, NY",1,2.0,"Walcroft, Miss. Nellie",female,31.0,0.0,0.0,F.C.C. 13528
7.8958,,S,,0,3.0,"Ivanoff, Mr. Kanio",male,,0.0,0.0,349201
56.4958,,S,"Hong Kong New York, NY",1,3.0,"Bing, Mr. Lee",male,32.0,0.0,0.0,1601
7.8958,,S,,0,3.0,"Vovk, Mr. Janko",male,22.0,0.0,0.0,349252
83.1583,C50,C,"Mt Airy, Philadelphia, PA",1,1.0,"Potter, Mrs. Thomas Jr (Lily Alexenia Wilson)",female,56.0,0.0,1.0,11767
34.375,,S,"Rotherfield, Sussex, England Essex Co, MA",0,3.0,"Ford, Miss. Doolina Margaret ""Daisy""",female,21.0,2.0,2.0,W./C. 6608
26.0,,S,"Norwich / New York, NY",1,2.0,"Beane, Mr. Edward",male,32.0,1.0,0.0,2908
56.4958,,S,,0,3.0,"Lam, Mr. Len",male,,0.0,0.0,1601
15.2458,,C,,1,3.0,"Touma, Miss. Maria Youssef",female,9.0,1.0,1.0,2650
93.5,B69,S,"Montreal, PQ",1,1.0,"Hays, Mrs. Charles Melville (Clara Jennings Gregg)",female,52.0,1.0,1.0,12749
7.7792,,Q,,1,3.0,"Shine, Miss. Ellen Natalia",female,,0.0,0.0,330968
7.225,,C,,0,3.0,"Yousif, Mr. Wazli",male,,0.0,0.0,2647
7.225,,C,,0,3.0,"Zakarian, Mr. Ortin",male,27.0,0.0,0.0,2670
7.925,,S,,1,3.0,"Stranden, Mr. Juho",male,31.0,0.0,0.0,STON/O 2. 3101288
7.775,,S,,0,3.0,"Rommetvedt, Mr. Knud Paust",male,,0.0,0.0,312993
26.0,,S,"Moscow / Bronx, NY",1,2.0,"Kantor, Mrs. Sinai (Miriam Sternin)",female,24.0,1.0,0.0,244367
82.1708,,C,"New York, NY",0,1.0,"Meyer, Mr. Edgar Joseph",male,28.0,1.0,0.0,PC 17604
0.0,,S,,0,3.0,"Leonard, Mr. Lionel",male,36.0,0.0,0.0,LINE
7.925,,S,,0,3.0,"Sivola, Mr. Antti Wilhelm",male,21.0,0.0,0.0,STON/O 2. 3101280
7.8958,,S,,0,3.0,"Sdycoff, Mr. Todor",male,,0.0,0.0,349222
12.35,,Q,,0,2.0,"Lingane, Mr. John",male,61.0,0.0,0.0,235509
38.5,E63,S,"St Anne's-on-Sea, Lancashire",0,1.0,"Gee, Mr. Arthur H",male,47.0,0.0,0.0,111320
16.1,,S,,1,3.0,"Thorneycroft, Mrs. Percival (Florence Kate White)",female,,1.0,0.0,376564
52.5542,D19,S,"Boston, MA",1,1.0,"Kimball, Mr. Edwin Nelson Jr",male,42.0,1.0,0.0,11753
7.925,,S,,1,3.0,"Heikkinen, Miss. Laina",female,26.0,0.0,0.0,STON/O2. 3101282
262.375,B61,C,,1,1.0,"Chaudanson, Miss. Victorine",female,36.0,0.0,0.0,PC 17608
14.4542,,C,,0,3.0,"Zabour, Miss. Thamine",female,,1.0,0.0,2665
9.8375,,S,,0,3.0,"Strandberg, Miss. Ida Sofia",female,22.0,0.0,0.0,7553
7.775,,S,"Sweden Joliet, IL",0,3.0,"Aronsson, Mr. Ernst Axel Algot",male,24.0,0.0,0.0,349911
17.8,,S,"Altdorf, Switzerland",0,3.0,"Arnold-Franchi, Mrs. Josef (Josefine Franchi)",female,18.0,1.0,0.0,349237
12.475,,S,"Union Hill, NJ",1,3.0,"Dowdell, Miss. Elizabeth",female,30.0,0.0,0.0,364516
55.4417,C116,C,"Newark, NJ",1,1.0,"Stengel, Mr. Charles Emil Henry",male,54.0,1.0,0.0,11778
78.85,,S,,1,1.0,"Barber, Miss. Ellen ""Nellie""",female,26.0,0.0,0.0,19877
26.0,,C,"San Francisco, CA",0,1.0,"Birnbaum, Mr. Jakob",male,25.0,0.0,0.0,13905
7.75,,Q,,0,3.0,"Shaughnessy, Mr. Patrick",male,,0.0,0.0,370374
7.75,,Q,,0,3.0,"Fleming, Miss. Honora",female,,0.0,0.0,364859
31.0,,S,,0,1.0,"Cairns, Mr. Alexander",male,,0.0,0.0,113798
8.05,,S,,0,3.0,"Thomson, Mr. Alexander Morrison",male,,0.0,0.0,32302
29.0,,S,"Bangkok, Thailand / Roseville, IL",1,2.0,"Caldwell, Mrs. Albert Francis (Sylvia Mae Harbaugh)",female,22.0,1.0,1.0,248738
28.7125,C49,C,"Paris, France New York, NY",0,1.0,"Isham, Miss. Ann Elizabeth",female,50.0,0.0,0.0,PC 17595
8.6625,,S,,0,3.0,"Wirz, Mr. Albert",male,27.0,0.0,0.0,315154
34.375,,S,"Rotherfield, Sussex, England Essex Co, MA",0,3.0,"Ford, Miss. Robina Maggie ""Ruby""",female,9.0,2.0,2.0,W./C. 6608
15.5,,Q,,1,3.0,"Murphy, Miss. Katherine ""Kate""",female,,1.0,0.0,367230
7.8542,,S,,0,3.0,"Hansen, Mr. Henrik Juul",male,26.0,1.0,0.0,350025
6.4375,,C,,0,3.0,"Thomas, Mr. Charles P",male,,1.0,0.0,2621
8.6542,,S,,0,3.0,"Johansson, Mr. Gustaf Joel",male,33.0,0.0,0.0,7540
36.75,,S,"St Ives, Cornwall / Hancock, MI",1,2.0,"Davies, Mrs. John Morgan (Elizabeth Agnes Mary White) ",female,48.0,0.0,2.0,C.A. 33112
28.5375,C53,C,"Albany, NY",1,1.0,"Tucker, Mr. Gilbert Milligan Jr",male,31.0,0.0,0.0,2543
7.25,,Q,"Co Limerick, Ireland Sherbrooke, PQ",0,3.0,"Colbert, Mr. Patrick",male,24.0,0.0,0.0,371109
7.8958,,S,,0,3.0,"Nenkoff, Mr. Christo",male,,0.0,0.0,349234
7.8958,,S,,0,3.0,"Petroff, Mr. Nedelio",male,19.0,0.0,0.0,349212
15.0458,,C,"Paris / Montreal, PQ",0,2.0,"Richard, Mr. Emile",male,23.0,0.0,0.0,SC/PARIS 2133
7.8958,,S,,0,3.0,"Sivic, Mr. Husein",male,40.0,0.0,0.0,349251
26.55,,S,"Halifax, NS",0,1.0,"Wright, Mr. George",male,62.0,0.0,0.0,113807
15.85,,S,"Ruotsinphytaa, Finland New York, NY",1,3.0,"Backstrom, Mrs. Karl Alfred (Maria Mathilda Gustafsson)",female,33.0,3.0,0.0,3101278
7.575,,S,,0,3.0,"Sadowitz, Mr. Harry",male,,0.0,0.0,LP 1588
8.05,,S,"Broomfield, Chelmsford, England",0,3.0,"Brocklebank, Mr. William Alfred",male,35.0,0.0,0.0,364512
7.8958,,S,,0,3.0,"Minkoff, Mr. Lazar",male,21.0,0.0,0.0,349211
83.475,C83,S,"New York, NY",0,1.0,"Harris, Mr. Henry Birkhardt",male,45.0,1.0,0.0,36973
7.8958,,S,Austria,0,3.0,"Cor, Mr. Liudevit",male,19.0,0.0,0.0,349231
7.8792,,Q,"Kilmacowen, Co Sligo, Ireland New York, NY",1,3.0,"Devaney, Miss. Margaret Delia",female,19.0,0.0,0.0,330958
29.125,,Q,,0,3.0,"Rice, Master. Eugene",male,2.0,4.0,1.0,382652
15.5,,Q,,1,3.0,"Murphy, Miss. Margaret Jane",female,,1.0,0.0,367230
79.2,B82 B84,C,"New York, NY",0,1.0,"Guggenheim, Mr. Benjamin",male,46.0,0.0,0.0,PC 17593
7.2292,,C,"Greensburg, PA",1,3.0,"Abrahim, Mrs. Joseph (Sophie Halaut Easu)",female,18.0,0.0,0.0,2657
7.8958,,C,,0,3.0,"Matinoff, Mr. Nicola",male,,0.0,0.0,349255
7.25,,S,,0,3.0,"Dennis, Mr. William",male,36.0,0.0,0.0,A/5 21175
8.6625,,S,Austria-Hungary,0,3.0,"Culumovic, Mr. Jeso",male,17.0,0.0,0.0,315090
56.4958,,S,,1,3.0,"Lang, Mr. Fang",male,26.0,0.0,0.0,1601
7.7958,,S,"Dagsas, Sweden Fower, MN",0,3.0,"Carlsson, Mr. August Sigfrid",male,28.0,0.0,0.0,350042
15.2458,,C,,1,3.0,"Moubarek, Master. Halim Gonios (""William George"")",male,,1.0,1.0,2661
7.8542,,S,"Medeltorp, Sweden Chicago, IL",0,3.0,"Braf, Miss. Elin Ester Maria",female,20.0,0.0,0.0,347471
7.8542,,S,,1,3.0,"Nilsson, Miss. Helmina Josefina",female,26.0,0.0,0.0,347470
7.225,,C,"Ottawa, ON",0,3.0,"Attalah, Mr. Sleiman",male,30.0,0.0,0.0,2694
7.75,,Q,,1,3.0,"O'Driscoll, Miss. Bridget",female,,0.0,0.0,14311
7.2292,,C,,0,3.0,"Kassem, Mr. Fared",male,,0.0,0.0,2700
13.9,,S,"West Haven, CT",0,3.0,"Dyker, Mr. Adolf Fredrik",male,23.0,1.0,0.0,347072
13.0,,S,"Harrow-on-the-Hill, Middlesex",0,2.0,"Meyer, Mr. August",male,39.0,0.0,0.0,248723
71.2833,C85,C,"New York, NY",0,1.0,"Cumings, Mr. John Bradley",male,39.0,1.0,0.0,PC 17599
14.4542,,C,Greece,0,3.0,"Chronopoulos, Mr. Apostolos",male,26.0,1.0,0.0,2680
7.8792,,Q,"Ireland Chicago, IL",0,3.0,"Foley, Mr. Joseph",male,26.0,0.0,0.0,330910
8.05,,S,,0,3.0,"Meanwell, Miss. (Marion Ogden)",female,,0.0,0.0,SOTON/O.Q. 392087
29.125,,Q,,0,3.0,"Rice, Mrs. William (Margaret Norton)",female,39.0,0.0,5.0,382652
8.4583,,Q,,0,3.0,"Moran, Mr. James",male,,0.0,0.0,330877
8.05,,S,"London New York, NY",1,3.0,"Drapkin, Miss. Jennie",female,23.0,0.0,0.0,SOTON/OQ 392083
24.15,,S,,0,3.0,"Lester, Mr. James",male,39.0,0.0,0.0,A/4 48871
32.5,,S,"Greenport, NY",1,2.0,"Drew, Mrs. James Vivian (Lulu Thorne Christian)",female,34.0,1.0,1.0,28220
7.0,,S,,1,3.0,"Wilkes, Mrs. James (Ellen Needs)",female,47.0,1.0,0.0,363272
7.75,,Q,,0,3.0,"Naughton, Miss. Hannah",female,,0.0,0.0,365237
55.0,E33,S,"St Leonards-on-Sea, England Ohio",1,1.0,"Chibnall, Mrs. (Edith Martha Bowerman)",female,,0.0,1.0,113505
81.8583,A34,S,"San Francisco, CA",1,1.0,"Dodge, Master. Washington",male,4.0,0.0,2.0,33638
8.6625,,S,Croatia,0,3.0,"Cacic, Mr. Luka",male,38.0,0.0,0.0,315089
39.6875,,S,,0,3.0,"Riihivouri, Miss. Susanna Juhantytar ""Sanni""",female,22.0,0.0,0.0,3101295
8.05,,S,,0,3.0,"Murdlin, Mr. Joseph",male,,0.0,0.0,A./5. 3235
134.5,E34,C,"Tuxedo Park, NY",1,1.0,"Spedden, Master. Robert Douglas",male,6.0,0.0,2.0,16966
13.0,D56,S,London,1,2.0,"Beesley, Mr. Lawrence",male,34.0,0.0,0.0,248698
22.025,,S,,1,3.0,"Kink-Heilmann, Miss. Luise Gretchen",female,4.0,0.0,2.0,315153
7.8958,,S,,0,3.0,"Rekic, Mr. Tido",male,38.0,0.0,0.0,349249
8.6625,,S,,0,3.0,"Pasic, Mr. Jakob",male,21.0,0.0,0.0,315097
51.8625,E46,S,"Brighton, MA",0,1.0,"Hilliard, Mr. Herbert Henry",male,,0.0,0.0,17463
6.4958,,S,,0,3.0,"Wiklund, Mr. Jakob Alfred",male,18.0,1.0,0.0,3101267
10.5,E77,S,"Southampton / New York, NY",0,2.0,"Mack, Mrs. (Mary)",female,57.0,0.0,0.0,S.O./P.P. 3
135.6333,C99,S,,1,1.0,"Bissette, Miss. Amelia",female,35.0,0.0,0.0,PC 17760
15.55,,S,,0,3.0,"Lindell, Mr. Edvard Bengtsson",male,36.0,1.0,0.0,349910
16.1,,S,,0,3.0,"Thorneycroft, Mr. Percival",male,,1.0,0.0,376564
21.0,,S,"Ilfracombe, Devon",1,2.0,"Phillips, Miss. Alice Frances Louisa",female,21.0,0.0,1.0,S.O./P.P. 2
7.25,,S,,0,3.0,"Harmer, Mr. Abraham (David Lishin)",male,25.0,0.0,0.0,374887
18.75,,S,"Cornwall / Akron, OH",1,2.0,"Richards, Master. William Rowe",male,3.0,1.0,1.0,29106
12.35,,Q,,0,2.0,"Keane, Mr. Daniel",male,35.0,0.0,0.0,233734
8.05,,S,,0,3.0,"Sawyer, Mr. Frederick Charles",male,24.5,0.0,0.0,342826
13.0,,S,"Vancouver, BC",0,2.0,"Gillespie, Mr. William Henry",male,34.0,0.0,0.0,12233
7.225,,C,Syria,0,3.0,"Boulos, Mr. Hanna",male,,0.0,0.0,2664
9.35,,S,"Tranvik, Finland New York",0,3.0,"Berglund, Mr. Karl Ivar Sven",male,22.0,0.0,0.0,PP 4348
7.2292,,C,,0,3.0,"Saad, Mr. Amin",male,,0.0,0.0,2671
19.9667,,S,,0,3.0,"Hagland, Mr. Konrad Mathias Reiersen",male,,1.0,0.0,65304
8.05,,S,"Lower Clapton, Middlesex or Erdington, Birmingham",0,3.0,"Allen, Mr. William Henry",male,35.0,0.0,0.0,373450
7.75,,Q,,0,3.0,"Flynn, Mr. James",male,,0.0,0.0,364851
7.05,,S,,0,3.0,"Asim, Mr. Adola",male,35.0,0.0,0.0,SOTON/O.Q. 3101310
8.05,,S,,0,3.0,"Miles, Mr. Frank",male,,0.0,0.0,359306
25.925,,S,"New York, NY",0,1.0,"Baumann, Mr. John D",male,,0.0,0.0,PC 17318
512.3292,,C,,1,1.0,"Ward, Miss. Anna",female,35.0,0.0,0.0,PC 17755
7.25,,S,"St Denys, Southampton, Hants",0,3.0,"Carver, Mr. Alfred John",male,28.0,0.0,0.0,392095
30.5,B50,C,"Basel, Switzerland",1,1.0,"Stahelin-Maeglin, Dr. Max",male,32.0,0.0,0.0,13214
26.0,,S,"Holley, NY",0,2.0,"Downton, Mr. William James",male,54.0,0.0,0.0,28403
26.0,,S,"Swindon, England",0,2.0,"Howard, Mr. Benjamin",male,63.0,1.0,0.0,24065
18.0,,S,,0,3.0,"Vander Planke, Mr. Julius",male,31.0,3.0,0.0,345763
21.075,,S,,0,3.0,"Palsson, Master. Gosta Leonard",male,2.0,3.0,1.0,349909
13.5,,S,"Bronx, NY",0,2.0,"Chapman, Mr. Charles Henry",male,52.0,0.0,0.0,248731
7.05,,S,,0,3.0,"Sutehall, Mr. Henry Jr",male,25.0,0.0,0.0,SOTON/OQ 392076
7.8542,,S,,0,3.0,"Johansson, Mr. Nils",male,29.0,0.0,0.0,347467
7.925,,S,,0,3.0,"Makinen, Mr. Kalle Edvard",male,29.0,0.0,0.0,STON/O 2. 3101268
55.4417,E50,C,"Brooklyn, NY",1,1.0,"Harder, Mr. George Achilles",male,25.0,1.0,0.0,11765
39.4,D28,S,"Paris, France",1,1.0,"Lines, Miss. Mary Conover",female,16.0,0.0,1.0,PC 17592
10.5,,S,"Pondersend, England / New Durham, NJ",1,2.0,"Oxenham, Mr. Percy Thomas",male,22.0,0.0,0.0,W./C. 14260
13.0,,S,"Newark, NJ",0,2.0,"Schmidt, Mr. August",male,26.0,0.0,0.0,248659
7.8958,,S,"Bulgaria Chicago, IL",0,3.0,"Danoff, Mr. Yoto",male,27.0,0.0,0.0,349219
13.0,,S,,0,2.0,"Troupiansky, Mr. Moses Aaron",male,23.0,0.0,0.0,233639
7.75,,Q,,0,3.0,"Connors, Mr. Patrick",male,70.5,0.0,0.0,370369
13.8583,,C,"Barcelona, Spain / Havana, Cuba",1,2.0,"Duran y More, Miss. Asuncion",female,27.0,1.0,0.0,SC/PARIS 2149
26.55,,S,"Los Angeles, CA",1,1.0,"Bradley, Mr. George (""George Arthur Brayton"")",male,,0.0,0.0,111427
31.6792,A29,C,"New York, NY",0,1.0,"Evans, Miss. Edith Corse",female,36.0,0.0,0.0,PC 17531
7.775,,S,,0,3.0,"Johansson, Mr. Karl Johan",male,31.0,0.0,0.0,347063
14.1083,,S,,0,3.0,"Hansen, Mr. Claus Peter",male,41.0,2.0,0.0,350026
14.5,,S,,0,3.0,"van Billiard, Mr. Austin Blyler",male,40.5,0.0,2.0,A/5. 851
7.4958,,S,"Bulgaria Chicago, IL",0,3.0,"Coleff, Mr. Peju",male,36.0,0.0,0.0,349210
83.1583,E45,C,"Lakewood, NJ",1,1.0,"Compton, Mrs. Alexander Taylor (Mary Eliza Ingersoll)",female,64.0,0.0,2.0,PC 17756
8.05,,S,,0,3.0,"Ware, Mr. Frederick",male,,0.0,0.0,359309
19.2583,,C,"Syria New York, NY",1,3.0,"Baclini, Miss. Eugenie",female,0.75,2.0,1.0,2666
8.05,,S,,0,3.0,"Christmann, Mr. Emil",male,29.0,0.0,0.0,343276
9.475,,S,"Sweden Akeley, MN",0,3.0,"Ahlin, Mrs. Johan (Johanna Persdotter Larsson)",female,40.0,1.0,0.0,7546
133.65,,S,"New York, NY",1,1.0,"Frauenthal, Dr. Henry William",male,50.0,2.0,0.0,PC 17611
10.5,,S,"Chelsea, London",1,2.0,"Mellors, Mr. William John",male,19.0,0.0,0.0,SW/PP 751
7.25,,S,,0,3.0,"Reed, Mr. James George",male,,0.0,0.0,362316
29.125,,Q,,0,3.0,"Rice, Master. Eric",male,7.0,4.0,1.0,382652
26.25,,S,"Bishopstoke, Hants / Fayette Valley, ID",0,2.0,"Collyer, Mr. Harvey",male,31.0,1.0,1.0,C.A. 31921
29.125,,Q,,0,3.0,"Rice, Master. Arthur",male,4.0,4.0,1.0,382652
29.125,,Q,,0,3.0,"Rice, Master. Albert",male,10.0,4.0,1.0,382652
15.2458,,C,"Syria Kent, ON",0,3.0,"Boulos, Miss. Nourelain",female,9.0,1.0,1.0,2678
262.375,B57 B59 B63 B66,C,"Haverford, PA / Cooperstown, NY",0,1.0,"Ryerson, Mr. Arthur Larned",male,61.0,1.0,3.0,PC 17608
79.2,B86,C,,0,1.0,"Giglio, Mr. Victor",male,24.0,0.0,0.0,PC 17593
9.5,,S,,0,3.0,"Lievens, Mr. Rene Aime",male,24.0,0.0,0.0,345781
26.0,,S,"Rochester, NY",0,2.0,"McKane, Mr. Peter David",male,46.0,0.0,0.0,28403
79.2,B41,C,"Zurich, Switzerland",1,1.0,"Frolicher-Stehli, Mrs. Maxmillian (Margaretha Emerentia Stehli)",female,48.0,1.0,1.0,13567
13.0,,S,,1,2.0,"Smith, Miss. Marion Elsie",female,40.0,0.0,0.0,31418
7.7333,,Q,,0,3.0,"Hagardon, Miss. Kate",female,17.0,0.0,0.0,AQ/3. 30631
7.8958,,S,,0,3.0,"Stoytcheff, Mr. Ilia",male,19.0,0.0,0.0,349205
7.2292,,C,"Syria Ottawa, ON",0,3.0,"Elias, Mr. Joseph",male,39.0,0.0,2.0,2675
7.8958,,S,,0,3.0,"Laleff, Mr. Kristo",male,,0.0,0.0,349217
221.7792,C97,S,,1,1.0,"Bird, Miss. Ellen",female,29.0,0.0,0.0,PC 17483
7.775,,S,,1,3.0,"Johansson Palmquist, Mr. Oskar Leander",male,26.0,0.0,0.0,347070
17.8,,S,"Altdorf, Switzerland",0,3.0,"Arnold-Franchi, Mr. Josef",male,25.0,1.0,0.0,349237
27.7208,,C,"Stockholm, Sweden",1,1.0,"Lindstrom, Mrs. Carl Johan (Sigrid Posse)",female,55.0,0.0,0.0,112377
9.35,,S,"London, England Norfolk, VA",1,3.0,"Aks, Master. Philip Frank",male,0.8333,0.0,1.0,392091
26.55,C52,S,"Stockholm, Sweden / Washington, DC",1,1.0,"Bjornstrom-Steffansson, Mr. Mauritz Hakan",male,28.0,0.0,0.0,110564
15.2458,,C,,1,3.0,"Moubarek, Mrs. George (Omine ""Amenia"" Alexander)",female,,0.0,2.0,2661
26.25,,S,"Ilford, Essex / Winnipeg, MB",0,2.0,"Hart, Mr. Benjamin",male,43.0,1.0,1.0,F.C.C. 13529
79.2,B41,C,"Zurich, Switzerland",1,1.0,"Frolicher-Stehli, Mr. Maxmillian",male,60.0,1.0,1.0,13567
7.225,,C,,1,3.0,"Leeni, Mr. Fahim (""Philip Zenni"")",male,22.0,0.0,0.0,2620
27.0,,S,London,1,2.0,"Jacobsohn, Mrs. Sidney Samuel (Amy Frances Christy)",female,24.0,2.0,1.0,243847
7.65,F G73,S,,0,3.0,"Moen, Mr. Sigurd Hansen",male,25.0,0.0,0.0,348123
10.5,,S,"Guernsey, England / Edgewood, RI",0,2.0,"Wheadon, Mr. Edward H",male,66.0,0.0,0.0,C.A. 24579
52.0,C126,S,"London /  East Orange, NJ",1,1.0,"Taylor, Mrs. Elmer Zebley (Juliet Cummins Wright)",female,,1.0,0.0,19996
120.0,B96 B98,S,"Bryn Mawr, PA",1,1.0,"Carter, Mr. William Ernest",male,36.0,1.0,2.0,113760
7.8958,,S,,0,3.0,"Staneff, Mr. Ivan",male,,0.0,0.0,349208
32.5,,S,"Greenport, NY",1,2.0,"Drew, Master. Marshall Brines",male,8.0,0.0,2.0,28220
7.75,,Q,Ireland,1,3.0,"Connolly, Miss. Kate",female,22.0,0.0,0.0,370373
12.875,D,C,"Montreal, PQ",0,2.0,"Levy, Mr. Rene Jacques",male,36.0,0.0,0.0,SC/Paris 2163
7.75,,Q,,1,3.0,"Kennedy, Mr. John",male,,0.0,0.0,368783
7.25,,S,,0,3.0,"Dennis, Mr. Samuel",male,22.0,0.0,0.0,A/5 21172
16.0,,S,"India / Rapid City, SD",1,2.0,"Hewlett, Mrs. (Mary D Kingcome) ",female,55.0,0.0,0.0,248706
9.0,,S,,0,3.0,"Vander Cruyssen, Mr. Victor",male,47.0,0.0,0.0,345765
30.0,,S,London,1,2.0,"Christy, Miss. Julie Rachel",female,25.0,1.0,1.0,237789
7.8875,,S,,1,3.0,"Hyman, Mr. Abraham",male,,0.0,0.0,3470
8.0292,,Q,,1,3.0,"McGowan, Miss. Anna ""Annie""",female,15.0,0.0,0.0,330923
7.775,,S,"Karberg, Sweden Jerome Junction, AZ",0,3.0,"Eklund, Mr. Hans Linus",male,16.0,0.0,0.0,347074
7.75,,Q,,0,3.0,"McNeill, Miss. Bridget",female,,0.0,0.0,370368
73.5,,S,,0,2.0,"Deacon, Mr. Percy William",male,17.0,0.0,0.0,S.O.C. 14879
7.8542,,S,,0,3.0,"Jensen, Mr. Hans Peder",male,20.0,0.0,0.0,350050
7.75,,S,"Stockholm, Sweden New York",0,3.0,"Bjorklund, Mr. Ernst Herbert",male,18.0,0.0,0.0,347090
20.525,,S,"Strood, Kent, England Detroit, MI",1,3.0,"Goldsmith, Mrs. Frank John (Emily Alice Brown)",female,31.0,1.0,1.0,363291
26.55,C103,S,"Birkdale, England Cleveland, Ohio",1,1.0,"Bonnell, Miss. Elizabeth",female,58.0,0.0,0.0,113783
31.3875,,S,"Sweden  Worcester, MA",0,3.0,"Asplund, Mr. Carl Oscar Vilhelm Gustafsson",male,40.0,1.0,5.0,347077
15.5,,Q,,1,3.0,"Murphy, Miss. Nora",female,,0.0,0.0,36568
66.6,C2,S,"Isleworth, England",1,1.0,"Pears, Mrs. Thomas (Edith Wearne)",female,22.0,1.0,0.0,113776
90.0,C78,Q,"Fond du Lac, WI",1,1.0,"Minahan, Mrs. William Edward (Lillian E Thorpe)",female,37.0,1.0,0.0,19928
26.0,,S,"Skara, Sweden / Rockford, IL",1,2.0,"Bryhl, Miss. Dagmar Jenny Ingeborg ",female,20.0,1.0,0.0,236853
30.6958,A7,C,"St James, Long Island, NY",0,1.0,"Smith, Mr. James Clinch",male,56.0,0.0,0.0,17764
31.3875,,S,"Sweden Worcester, MA",0,3.0,"Asplund, Master. Filip Oscar",male,13.0,4.0,2.0,347077
13.0,,S,,0,2.0,"Givard, Mr. Hans Kristensen",male,30.0,0.0,0.0,250646
14.4542,,C,,1,3.0,"Yasbeck, Mrs. Antoni (Selini Alexander)",female,15.0,1.0,0.0,2659
19.5,,S,"England / Bennington, VT",1,2.0,"Mellinger, Miss. Madeleine Violet",female,13.0,0.0,1.0,250644
14.4,,S,"Stanton, IA",0,3.0,"Danbom, Mr. Ernst Gilbert",male,34.0,1.0,1.0,347080
26.0,,S,"Weston-Super-Mare, Somerset",0,2.0,"Louch, Mr. Charles Alexander",male,50.0,1.0,0.0,SC/AH 3085
14.4542,,C,,0,3.0,"Yasbeck, Mr. Antoni",male,27.0,1.0,0.0,2659
14.4,,S,"Stanton, IA",0,3.0,"Danbom, Master. Gilbert Sigvard Emanuel",male,0.3333,0.0,2.0,347080
7.2292,,C,,0,3.0,"Hanna, Mr. Mansour",male,23.5,0.0,0.0,2693
11.1333,,S,,1,3.0,"Johnson, Mrs. Oscar W (Elisabeth Vilhelmina Berg)",female,27.0,0.0,2.0,347742
8.1375,,Q,,0,3.0,"Peters, Miss. Katie",female,,0.0,0.0,330935
13.5,,S,"Sault St Marie, ON",0,2.0,"Sjostedt, Mr. Ernst Adolf",male,59.0,0.0,0.0,237442
51.4792,C101,S,"Bayside, Queens, NY",1,1.0,"Appleton, Mrs. Edward Dale (Charlotte Lamson)",female,53.0,2.0,0.0,11769
8.6625,,S,,0,3.0,"Pokrnic, Mr. Tome",male,24.0,0.0,0.0,315092
93.5,B69,S,"Montreal, PQ",0,1.0,"Hays, Mr. Charles Melville",male,55.0,1.0,1.0,12749
7.4958,,S,,1,3.0,"Sjoblom, Miss. Anna Sofia",female,18.0,0.0,0.0,3101265
8.05,,S,,0,3.0,"Somerton, Mr. Francis William",male,30.0,0.0,0.0,A.5. 18509
22.025,,S,,1,3.0,"Kink-Heilmann, Mr. Anton",male,29.0,3.0,1.0,315153
227.525,,C,,1,1.0,"Bidois, Miss. Rosalie",female,42.0,0.0,0.0,PC 17757
59.4,,C,"New York, NY",1,1.0,"Rothschild, Mrs. Martin (Elizabeth L. Barrett)",female,54.0,1.0,0.0,PC 17603
8.05,,S,,0,3.0,"Davies, Mr. Evan",male,22.0,0.0,0.0,SC/A4 23568
27.75,,S,"Bournmouth, England",1,2.0,"West, Mrs. Edwy Arthur (Ada Mary Worth)",female,33.0,1.0,2.0,C.A. 34651
26.0,F2,S,"Nice, France",0,2.0,"Navratil, Mr. Michel (""Louis M Hoffman"")",male,36.5,0.0,2.0,230080
41.5792,,C,Paris / Haiti,1,2.0,"Laroche, Miss. Louise",female,1.0,1.0,2.0,SC/Paris 2123
8.05,,S,,0,3.0,"Gilinski, Mr. Eliezer",male,22.0,0.0,0.0,14973
83.475,C83,S,"New York, NY",1,1.0,"Harris, Mrs. Henry Birkhardt (Irene Wallach)",female,35.0,1.0,0.0,36973
7.05,,S,,0,3.0,"Ali, Mr. Ahmed",male,24.0,0.0,0.0,SOTON/O.Q. 3101311
13.0,F2,S,"Boston, MA",0,2.0,"Nesson, Mr. Israel",male,26.0,0.0,0.0,244368
46.9,,S,"Wiltshire, England Niagara Falls, NY",0,3.0,"Goodwin, Mr. Charles Edward",male,14.0,5.0,2.0,CA 2144
26.0,,S,"Plymouth, Devon / Detroit, MI",1,2.0,"Quick, Miss. Winifred Vera",female,8.0,1.0,1.0,26360
26.0,,S,"Deer Lodge, MT",1,2.0,"Shelley, Mrs. William (Imanita Parrish Hall)",female,25.0,0.0,1.0,230433
7.8292,,Q,,0,3.0,"O'Brien, Mr. Timothy",male,,0.0,0.0,330979
39.6,A16,C,London / Paris,1,1.0,"Duff Gordon, Lady. (Lucille Christiana Sutherland) (""Mrs Morgan"")",female,48.0,1.0,0.0,11755
7.2292,,C,,1,3.0,"Whabee, Mrs. George Joseph (Shawneene Abi-Saab)",female,38.0,0.0,0.0,2688
8.05,,S,,0,3.0,"Shorney, Mr. Charles Joseph",male,,0.0,0.0,374910
7.8542,,S,,1,3.0,"Jonsson, Mr. Carl",male,32.0,0.0,0.0,350417
7.7292,,Q,,0,3.0,"Sadlier, Mr. Matthew",male,,0.0,0.0,367655
13.0,,S,"Helsinki, Finland Ashtabula, Ohio",0,2.0,"Collander, Mr. Erik Gustaf",male,28.0,0.0,0.0,248740
86.5,B77,S,"London, England",1,1.0,"Cherry, Miss. Gladys",female,30.0,0.0,0.0,110152
134.5,E34,C,"Tuxedo Park, NY",1,1.0,"Spedden, Mr. Frederic Oakley",male,45.0,1.0,1.0,16966
0.0,B94,S,,0,1.0,"Harrison, Mr. William",male,40.0,0.0,0.0,112059
13.775,,S,,0,3.0,"Peacock, Master. Alfred Edward",male,0.75,1.0,1.0,SOTON/O.Q. 3101315
7.775,,S,"Brennes, Norway New York",0,3.0,"Birkeland, Mr. Hans Martin Monsen",male,21.0,0.0,0.0,312992
9.5,,S,,0,3.0,"Wittevrongel, Mr. Camille",male,36.0,0.0,0.0,345771
15.75,,S,"Aberdeen / Portland, OR",1,2.0,"Watt, Mrs. James (Elizabeth ""Bessie"" Inglis Milne)",female,40.0,0.0,0.0,C.A. 33595
13.0,,S,"Goteborg, Sweden / Rockford, IL",0,2.0,"Enander, Mr. Ingvar",male,21.0,0.0,0.0,236854
7.8,,S,,0,3.0,"Nosworthy, Mr. Richard Cater",male,21.0,0.0,0.0,A/4. 39886
7.225,,C,,0,3.0,"Saad, Mr. Khalil",male,25.0,0.0,0.0,2672
21.0,,S,"Plymouth, England",0,2.0,"Turpin, Mrs. William John Robert (Dorothy Ann Wonnacott)",female,27.0,1.0,0.0,11668
41.5792,,C,Paris / Haiti,1,2.0,"Laroche, Mrs. Joseph (Juliette Marie Louise Lafargue)",female,22.0,1.0,2.0,SC/Paris 2123
31.275,,S,"Sweden Winnipeg, MN",0,3.0,"Andersson, Miss. Ellis Anna Maria",female,2.0,4.0,2.0,347082
7.925,,S,,0,3.0,"Pekoniemi, Mr. Edvard",male,21.0,0.0,0.0,STON/O 2. 3101294
26.55,D34,S,"Westcliff-on-Sea, Essex",0,1.0,"Franklin, Mr. Thomas Parham",male,,0.0,0.0,113778
7.8792,,Q,,0,3.0,"Linehan, Mr. Michael",male,,0.0,0.0,330971
7.8542,,S,"Sweden Chicago, IL",0,3.0,"Andreasson, Mr. Paul Edvin",male,20.0,0.0,0.0,347466
13.0,F33,S,"London / Montreal, PQ",1,2.0,"Brown, Miss. Amelia ""Mildred""",female,24.0,0.0,0.0,248733
21.075,,S,,0,3.0,"Palsson, Miss. Torborg Danira",female,8.0,3.0,1.0,349909
15.5,,Q,,0,3.0,"Lennon, Mr. Denis",male,,1.0,0.0,370371
22.3583,,C,,1,3.0,"Peter, Master. Michael J",male,,1.0,1.0,2668
7.2292,,C,,1,3.0,"Barah, Mr. Hanna Assi",male,20.0,0.0,0.0,2663
26.0,E60,S,London,0,1.0,"Julian, Mr. Henry Forbes",male,50.0,0.0,0.0,113044
8.05,E10,S,,1,3.0,"Pickard, Mr. Berk (Berk Trembisky)",male,32.0,0.0,0.0,SOTON/O.Q. 392078
9.6875,,Q,"Cambridge, MA",0,2.0,"Myles, Mr. Thomas Francis",male,62.0,0.0,0.0,240276
6.4958,,S,,0,3.0,"Johanson, Mr. Jakob Alfred",male,34.0,0.0,0.0,3101264
7.8792,,Q,,0,3.0,"Mahon, Miss. Bridget Delia",female,,0.0,0.0,330924
17.4,,S,"Tampico, MT",1,3.0,"de Messemaeker, Mr. Guillaume Joseph",male,36.5,1.0,0.0,345572
7.8875,,S,"England Albion, NY",0,3.0,"Alexander, Mr. William",male,26.0,0.0,0.0,3474
13.775,,S,,0,3.0,"Peacock, Miss. Treasteall",female,3.0,1.0,1.0,SOTON/O.Q. 3101315
69.55,,S,,0,3.0,"Sage, Miss. Constance Gladys",female,,8.0,2.0,CA. 2343
7.2292,,C,Syria,0,3.0,"Elias, Mr. Tannous",male,15.0,1.0,1.0,2695
28.5,C124,S,"Surbiton Hill, Surrey",0,1.0,"Partner, Mr. Austen",male,45.5,0.0,0.0,113043
8.05,,S,,1,3.0,"Sunderland, Mr. Victor Francis",male,16.0,0.0,0.0,SOTON/OQ 392089
93.5,B73,S,,1,1.0,"Perreault, Miss. Anne",female,30.0,0.0,0.0,12749
61.3792,,C,"Geneva, Switzerland / Radnor, PA",1,1.0,"Williams, Mr. Richard Norris II",male,21.0,0.0,1.0,PC 17597
7.55,,S,,0,3.0,"MacKay, Mr. George William",male,,0.0,0.0,C.A. 42795
56.4958,,S,"Hong Kong New York, NY",1,3.0,"Chip, Mr. Chang",male,32.0,0.0,0.0,1601
13.0,,S,"Clevedon, England",0,2.0,"Gill, Mr. John William",male,24.0,0.0,0.0,233866
7.4958,,S,,0,3.0,"Coleff, Mr. Satio",male,24.0,0.0,0.0,349209
7.7375,,Q,,0,3.0,"Kilgannon, Mr. Thomas J",male,,0.0,0.0,36865
30.0,D45,S,"Kingston, Surrey",1,1.0,"Hawksford, Mr. Walter James",male,,0.0,0.0,16988
9.5,,S,,0,3.0,"Vanden Steen, Mr. Leo Peter",male,28.0,0.0,0.0,345783
26.55,,S,"New York, NY",1,1.0,"Seward, Mr. Frederic Kimber",male,34.0,0.0,0.0,113794
9.8417,,S,,1,3.0,"Turja, Miss. Anna Sofia",female,18.0,0.0,0.0,4138
7.65,,S,,1,3.0,"Salkjelsvik, Miss. Anna Kristine",female,21.0,0.0,0.0,343120
31.5,,S,"Guernsey / Elizabeth, NJ",0,2.0,"Jefferys, Mr. Ernest Wilfred",male,22.0,2.0,0.0,C.A. 31029
7.2292,F E46,C,,0,3.0,"Mardirosian, Mr. Sarkis",male,,0.0,0.0,2655
22.3583,,C,,1,3.0,"Peter, Mrs. Catherine (Catherine Rizk)",female,,0.0,2.0,2668
29.7,A18,C,"Philadelphia, PA",0,1.0,"Dulles, Mr. William Crothers",male,39.0,0.0,0.0,PC 17580
7.925,,S,"Ruotsinphytaa, Finland New York, NY",0,3.0,"Gustafsson, Mr. Johan Birger",male,28.0,2.0,0.0,3101277
7.7333,,Q,"Co Longford, Ireland New York, NY",1,3.0,"Gilnagh, Miss. Katherine ""Katie""",female,16.0,0.0,0.0,35851
79.65,E68,S,"New York, NY",1,1.0,"Taussig, Miss. Ruth",female,18.0,0.0,2.0,110413
6.95,,Q,,0,3.0,"Flynn, Mr. John",male,,0.0,0.0,368323
10.5,,S,"Catford, Kent / Detroit, MI",0,2.0,"Stokes, Mr. Philip Joseph",male,25.0,0.0,0.0,F.C.C. 13540
16.7,G6,S,,1,3.0,"Sandstrom, Mrs. Hjalmar (Agnes Charlotta Bengtsson)",female,24.0,0.0,2.0,PP 9549
24.15,,S,,0,3.0,"Van Impe, Mr. Jean Baptiste",male,36.0,1.0,1.0,345773
7.925,,S,"Ruotsinphytaa, Finland New York, NY",0,3.0,"Gustafsson, Mr. Anders Vilhelm",male,37.0,2.0,0.0,3101276
8.6833,,S,,1,3.0,"Osman, Mrs. Mara",female,31.0,0.0,0.0,349244
71.0,B22,S,"Milwaukee, WI",1,1.0,"Crosby, Miss. Harriet R",female,36.0,0.0,2.0,WE/P 5735
7.75,,Q,,1,3.0,"O'Keefe, Mr. Patrick",male,,0.0,0.0,368402
221.7792,C55 C57,S,"New York, NY",0,1.0,"Straus, Mrs. Isidor (Rosalie Ida Blun)",female,63.0,1.0,0.0,PC 17483
8.05,,S,,0,3.0,"Rouse, Mr. Richard Henry",male,50.0,0.0,0.0,A/5 3594
8.6625,,S,,0,3.0,"Kink, Mr. Vincenz",male,26.0,2.0,0.0,315151
71.0,B22,S,"Milwaukee, WI",0,1.0,"Crosby, Capt. Edward Gifford",male,70.0,1.0,1.0,WE/P 5735
20.525,,S,"Strood, Kent, England Detroit, MI",0,3.0,"Goldsmith, Mr. Frank John",male,33.0,1.0,1.0,363291
11.1333,,S,,1,3.0,"Johnson, Master. Harold Theodor",male,4.0,1.0,1.0,347742
18.7875,,C,"Syria Fredericksburg, VA",1,3.0,"Albimona, Mr. Nassef Cassem",male,26.0,0.0,0.0,2699
61.175,E31,S,"Amenia, ND",1,1.0,"Chaffee, Mrs. Herbert Fuller (Carrie Constance Toogood)",female,47.0,1.0,0.0,W.E.P. 5734
7.75,,Q,,0,3.0,"O'Connor, Mr. Patrick",male,,0.0,0.0,366713
7.775,,S,,0,3.0,"Svensson, Mr. Johan",male,74.0,0.0,0.0,347060
0.0,,S,Belfast,0,2.0,"Parkes, Mr. Francis ""Frank""",male,,0.0,0.0,239853
8.05,,S,London,0,3.0,"Corn, Mr. Harry",male,30.0,0.0,0.0,SOTON/OQ 392090
20.2125,,S,,0,3.0,"Rosblom, Miss. Salli Helena",female,2.0,1.0,1.0,370129
13.0,,S,"Brooklyn, NY",1,2.0,"Garside, Miss. Ethel",female,34.0,0.0,0.0,243880
31.275,,S,"Sweden Winnipeg, MN",0,3.0,"Andersson, Mrs. Anders Johan (Alfrida Konstantia Brogren)",female,39.0,1.0,5.0,347082
35.0,C128,S,"London, England",0,1.0,"Williams-Lambert, Mr. Fletcher Fellows",male,,0.0,0.0,113510
50.4958,B10,C,"Omaha, NE",0,1.0,"Brandeis, Mr. Emil",male,48.0,0.0,0.0,PC 17591
15.5,,Q,,1,3.0,"O'Brien, Mrs. Thomas (Johanna ""Hannah"" Godfrey)",female,,1.0,0.0,370365
30.0,B42,S,"Greenwich, CT",1,1.0,"Graham, Miss. Margaret Edith",female,19.0,0.0,0.0,112053
14.5,,S,,0,3.0,"Robins, Mrs. Alexander A (Grace Charity Laury)",female,47.0,1.0,0.0,A/5. 3337
13.0,,S,London,0,2.0,"Bowenur, Mr. Solomon",male,42.0,0.0,0.0,211535
221.7792,C55 C57,S,"New York, NY",0,1.0,"Straus, Mr. Isidor",male,67.0,1.0,0.0,PC 17483
8.05,,S,,0,3.0,"Kelly, Mr. James",male,44.0,0.0,0.0,363592
7.75,,Q,,0,3.0,"Mahon, Mr. John",male,,0.0,0.0,AQ/4 3130
10.5,,S,"Hamilton, ON",0,2.0,"Pain, Dr. Alfred",male,23.0,0.0,0.0,244278
24.15,,S,,0,3.0,"Van Impe, Mrs. Jean Baptiste (Rosalie Paula Govaert)",female,30.0,1.0,1.0,345773
22.525,,S,,0,3.0,"Olsen, Mr. Henry Margido",male,28.0,0.0,0.0,C 4001
7.225,,C,,0,3.0,"Zakarian, Mr. Mapriededer",male,26.5,0.0,0.0,2656
7.2292,,C,,1,3.0,"Mamee, Mr. Hanna",male,,0.0,0.0,2677
27.7208,D43,C,"?Havana, Cuba",0,1.0,"Ovies y Rodriguez, Mr. Servando",male,28.5,0.0,0.0,PC 17562
8.6625,,S,,0,3.0,"Oreskovic, Mr. Luka",male,20.0,0.0,0.0,315094
31.5,,S,"Guernsey / Elizabeth, NJ",0,2.0,"Denbury, Mr. Herbert",male,25.0,0.0,0.0,C.A. 31029
51.8625,D21,S,"Southington / Noank, CT",0,1.0,"Kenyon, Mr. Frederick R",male,41.0,1.0,0.0,17464
26.55,,S,"New York, NY",0,1.0,"Smart, Mr. John Montgomery",male,56.0,0.0,0.0,113792
12.475,,S,"New York, NY",1,3.0,"Emanuel, Miss. Virginia Ethel",female,5.0,0.0,0.0,364516
7.8542,,S,,0,3.0,"Jensen, Mr. Niels Peder",male,48.0,0.0,0.0,350047
8.05,,S,"Bridgwater, Somerset, England",0,3.0,"Ford, Mr. Arthur",male,,0.0,0.0,A/5 1478
7.75,,S,,0,3.0,"Lindblom, Miss. Augusta Charlotta",female,45.0,0.0,0.0,347073
10.5,,S,"Halesworth, England",0,2.0,"Mudd, Mr. Thomas Charles",male,16.0,0.0,0.0,S.O./P.P. 3
26.55,,S,"Roachdale, IN",0,1.0,"Crafton, Mr. John Bertram",male,,0.0,0.0,113791
26.0,C106,S,"Brockton, MA",0,1.0,"Maguire, Mr. John Edward",male,30.0,0.0,0.0,110469
151.55,,S,,1,1.0,"Cleaver, Miss. Alice",female,22.0,0.0,0.0,113781
30.0,,S,London,1,2.0,"Christy, Mrs. (Alice Frances)",female,45.0,0.0,2.0,237789
8.05,,S,"England New York, NY",0,3.0,"Barton, Mr. David John",male,22.0,0.0,0.0,324669
77.9583,D7,S,"Hudson, NY",1,1.0,"Andrews, Miss. Kornelia Theodosia",female,63.0,1.0,0.0,13502
19.2583,,C,"Syria New York, NY",1,3.0,"Baclini, Miss. Helene Barbara",female,0.75,2.0,1.0,2666
15.0458,,C,"New York, NY",0,2.0,"Stanton, Mr. Samuel Ward",male,41.0,0.0,0.0,237734
7.8542,,S,,0,3.0,"Klasen, Mr. Klas Albin",male,18.0,1.0,1.0,350404
7.0542,,S,,0,3.0,"Lundahl, Mr. Johan Svensson",male,51.0,0.0,0.0,347743
7.75,,Q,"Ireland New York, NY",0,3.0,"Fox, Mr. Patrick",male,,0.0,0.0,368573
14.5,,S,,0,3.0,"Risien, Mrs. Samuel (Emma)",female,,0.0,0.0,364498
7.75,,Q,,0,3.0,"Smith, Mr. Thomas",male,,0.0,0.0,384461
26.2875,E25,S,"Philadelphia, PA",1,1.0,"McGough, Mr. James Robert",male,36.0,0.0,0.0,PC 17473
50.0,C39,S,London / Birmingham,0,1.0,"Hipkins, Mr. William Edward",male,55.0,0.0,0.0,680
13.0,,S,"Finland / Washington, DC",1,2.0,"Sinkkonen, Miss. Anna",female,30.0,0.0,0.0,250648
7.55,,S,,0,3.0,"Harknett, Miss. Alice Phoebe",female,,0.0,0.0,W./C. 6609
13.5,,S,Glasgow,0,2.0,"Norman, Mr. Robert Douglas",male,28.0,0.0,0.0,218629
7.8958,,S,,0,3.0,"Todoroff, Mr. Lalio",male,,0.0,0.0,349216
26.25,,S,"Ilford, Essex / Winnipeg, MB",1,2.0,"Hart, Miss. Eva Miriam",female,7.0,0.0,2.0,F.C.C. 13529
56.4958,,S,,1,3.0,"Lam, Mr. Ali",male,,0.0,0.0,1601
13.7917,D,C,"New York, NY",1,2.0,"Jerwan, Mrs. Amin S (Marie Marthe Thuillard)",female,23.0,0.0,0.0,SC/AH Basle 541
7.55,,S,,0,3.0,"Warren, Mr. Charles William",male,,0.0,0.0,C.A. 49867
8.05,,S,,0,3.0,"Rush, Mr. Alfred George John",male,16.0,0.0,0.0,A/4. 20589
7.7875,,Q,,1,3.0,"McDermott, Miss. Brigdet Delia",female,,0.0,0.0,330932
13.0,,S,"Southsea, Hants",0,2.0,"Butler, Mr. Reginald Fenton",male,25.0,0.0,0.0,234686
15.9,,S,"England Brooklyn, NY",1,3.0,"Coutts, Master. Eden Leslie ""Neville""",male,9.0,1.0,1.0,C.A. 37671
10.5,,S,"Gunnislake, England / Butte, MT",0,2.0,"Pengelly, Mr. Frederick William",male,19.0,0.0,0.0,28665
108.9,C65,C,"Madrid, Spain",1,1.0,"Penasco y Castellana, Mrs. Victor de Satode (Maria Josefa Perez de Soto y Vallejo)",female,17.0,1.0,0.0,PC 17758
8.6625,,S,,0,3.0,"Calic, Mr. Jovo",male,17.0,0.0,0.0,315093
26.0,,S,"Worcester, England",1,2.0,"Phillips, Miss. Kate Florence (""Mrs Kate Louise Phillips Marshall"")",female,19.0,0.0,0.0,250655
46.9,,S,"Wiltshire, England Niagara Falls, NY",0,3.0,"Goodwin, Miss. Lillian Amy",female,16.0,5.0,2.0,CA 2144
23.0,,S,"Cornwall / Akron, OH",1,2.0,"Wells, Mrs. Arthur Henry (""Addie"" Dart Trevaskis)",female,29.0,0.0,2.0,29103
7.8958,,S,"Bulgaria Chicago, IL",0,3.0,"Angheloff, Mr. Minko",male,26.0,0.0,0.0,349202
7.225,,C,,0,3.0,"Elias, Mr. Dibo",male,,0.0,0.0,2674
7.8958,,S,,0,3.0,"Plotcharsky, Mr. Vasil",male,,0.0,0.0,349227
13.5,,S,"Yoevil, England / Cottage Grove, OR",1,2.0,"Wright, Miss. Marion",female,26.0,0.0,0.0,220844
8.05,,S,,0,3.0,"Morley, Mr. William",male,34.0,0.0,0.0,364506
8.6625,,S,,0,3.0,"Kink, Miss. Maria",female,22.0,2.0,0.0,315152
79.65,E67,S,"New York, NY",0,1.0,"Taussig, Mr. Emil",male,52.0,1.0,1.0,110413
37.0042,,C,"Paris / Montreal, PQ",1,2.0,"Mallet, Mrs. Albert (Antoinette Magnin)",female,24.0,1.0,1.0,S.C./PARIS 2079
7.7417,,Q,"New York, NY",0,3.0,"Gallagher, Mr. Martin",male,25.0,0.0,0.0,36864
7.775,,S,,1,3.0,"Moss, Mr. Albert Johan",male,,0.0,0.0,312991
15.0333,,C,Paris,0,2.0,"Pulbaum, Mr. Franz",male,27.0,0.0,0.0,SC/PARIS 2168
30.5,C106,S,"Manchester, England",1,1.0,"Saalfeld, Mr. Adolphe",male,,0.0,0.0,19988
31.275,,S,"Sweden Winnipeg, MN",0,3.0,"Andersson, Miss. Ebba Iris Alfrida",female,6.0,4.0,2.0,347082
7.75,,Q,,0,3.0,"Morrow, Mr. Thomas Rowan",male,,0.0,0.0,372622
7.7375,,Q,,1,3.0,"Mannion, Miss. Margareth",female,,0.0,0.0,36866
27.9,,S,,0,3.0,"Skoog, Miss. Mabel",female,9.0,3.0,2.0,347088
30.0708,,C,"New York, NY",1,2.0,"Nasser, Mrs. Nicholas (Adele Achem)",female,14.0,1.0,0.0,237736
15.5,,Q,,0,3.0,"O'Brien, Mr. Thomas",male,,1.0,0.0,370365
23.0,,S,"Cornwall / Akron, OH",1,2.0,"Hocking, Miss. Ellen ""Nellie""",female,20.0,2.0,1.0,29105
20.25,,S,"East Providence, RI",1,3.0,"Abbott, Mrs. Stanton (Rosa Hunt)",female,35.0,1.0,1.0,C.A. 2673
15.85,,S,,0,3.0,"Hakkarainen, Mr. Pekka Pietari",male,28.0,1.0,0.0,STON/O2. 3101279
13.4167,,C,,1,3.0,"Karun, Miss. Manca",female,4.0,0.0,1.0,349256
53.1,C123,S,"Scituate, MA",1,1.0,"Futrelle, Mrs. Jacques Heath (Lily May Peel)",female,35.0,1.0,0.0,113803
20.25,,S,"East Providence, RI",0,3.0,"Abbott, Mr. Rossmore Edward",male,16.0,1.0,1.0,C.A. 2673
15.85,,S,"Ruotsinphytaa, Finland New York, NY",0,3.0,"Backstrom, Mr. Karl Alfred",male,32.0,1.0,0.0,3101278
49.5,B39,C,"Zurich, Switzerland",1,1.0,"Frolicher, Miss. Hedwig Margaritha",female,22.0,0.0,2.0,13568
8.05,,S,England,0,3.0,"Beavan, Mr. William Thomas",male,19.0,0.0,0.0,323951
26.0,,S,"New York, NY",1,1.0,"Salomon, Mr. Abraham L",male,,0.0,0.0,111163
69.55,,S,,0,3.0,"Sage, Miss. Ada",female,,8.0,2.0,CA. 2343
46.9,,S,"Wiltshire, England Niagara Falls, NY",0,3.0,"Goodwin, Mr. Charles Frederick",male,40.0,1.0,6.0,CA 2144
15.85,,S,,1,3.0,"Hakkarainen, Mrs. Pekka Pietari (Elin Matilda Dolck)",female,24.0,1.0,0.0,STON/O2. 3101279
35.5,T,S,"Trenton, NJ",0,1.0,"Blackwell, Mr. Stephen Weart",male,45.0,0.0,0.0,113784
7.75,,Q,,1,3.0,"Healy, Miss. Hanora ""Nora""",female,,0.0,0.0,370375
24.15,,S,"West Bromwich, England Pontiac, MI",0,3.0,"Davies, Mr. Alfred J",male,24.0,2.0,0.0,A/4 48871
9.5875,,S,,1,3.0,"Turkula, Mrs. (Hedwig)",female,63.0,0.0,0.0,4134
15.75,,S,"Aberdeen / Portland, OR",1,2.0,"Watt, Miss. Bertha J",female,12.0,0.0,0.0,C.A. 33595
7.8542,,S,"Krakoryd, Sweden Bloomington, IL",0,3.0,"Augustsson, Mr. Albert",male,23.0,0.0,0.0,347468
26.0,,S,"Liverpool / Montreal, PQ",0,2.0,"Fynney, Mr. Joseph J",male,35.0,0.0,0.0,239865
26.0,,S,"England / San Francisco, CA",1,2.0,"Clarke, Mrs. Charles V (Ada Maria Winfield)",female,28.0,1.0,0.0,2003
8.05,,S,,0,3.0,"Guest, Mr. Robert",male,,0.0,0.0,376563
20.575,,S,"Devon, England Wichita, KS",0,3.0,"Dean, Mr. Bertram Frank",male,26.0,1.0,2.0,C.A. 2315
71.2833,C85,C,"New York, NY",1,1.0,"Cumings, Mrs. John Bradley (Florence Briggs Thayer)",female,38.0,1.0,0.0,PC 17599
14.4542,,C,,0,3.0,"Zabour, Miss. Hileni",female,14.5,1.0,0.0,2665
13.0,,S,"Kontiolahti, Finland / Detroit, MI",0,2.0,"Hiltunen, Miss. Marta",female,18.0,1.0,1.0,250650
11.5,,S,"Penzance, Cornwall / Akron, OH",0,2.0,"Cotterill, Mr. Henry ""Harry""",male,21.0,0.0,0.0,29107
7.8958,,S,,0,3.0,"Radeff, Mr. Alexander",male,,0.0,0.0,349223
30.0,C148,C,"New York, NY",1,1.0,"Behr, Mr. Karl Howell",male,26.0,0.0,0.0,111369
31.3875,,S,"Sweden Worcester, MA",1,3.0,"Asplund, Master. Edvin Rojj Felix",male,3.0,4.0,2.0,347077
26.0,,S,"Moscow / Bronx, NY",0,2.0,"Kantor, Mr. Sinai",male,34.0,1.0,0.0,244367
29.0,,S,"Bangkok, Thailand / Roseville, IL",1,2.0,"Caldwell, Master. Alden Gates",male,0.8333,0.0,2.0,248738
7.25,,S,,0,3.0,"Wiseman, Mr. Phillippe",male,,0.0,0.0,A/4. 34244
7.2292,,C,,0,3.0,"Novel, Mr. Mansouer",male,28.5,0.0,0.0,2697
52.5542,D35,S,"New York, NY",1,1.0,"Beckwith, Mr. Richard Leonard",male,37.0,1.0,1.0,11751
6.8583,,Q,,0,3.0,"Hart, Mr. Henry",male,,0.0,0.0,394140
164.8667,,S,"Youngstown, OH",0,1.0,"Wick, Mr. George Dennick",male,57.0,1.0,1.0,36928
8.05,,S,,1,3.0,"Howard, Miss. May Elizabeth",female,,0.0,0.0,A. 2. 39186
7.8958,,C,,0,3.0,"Markoff, Mr. Marin",male,35.0,0.0,0.0,349213
7.75,,Q,"Aughnacliff, Co Longford, Ireland New York, NY",0,3.0,"Farrell, Mr. James",male,40.5,0.0,0.0,367232
0.0,,S,,1,3.0,"Tornquist, Mr. William Henry",male,25.0,0.0,0.0,LINE
39.0,,S,"Cape Town, South Africa / Seattle, WA",1,2.0,"Brown, Miss. Edith Eileen",female,15.0,0.0,2.0,29750
15.7417,,C,,1,3.0,"Nakid, Miss. Maria (""Mary"")",female,1.0,0.0,2.0,2653
211.3375,B3,S,"St Louis, MO",1,1.0,"Robert, Mrs. Edward Scott (Elisabeth Walton McMillan)",female,43.0,0.0,1.0,24160
21.075,,S,,0,3.0,"Palsson, Master. Paul Folke",male,6.0,3.0,1.0,349909
55.9,E44,S,"Duluth, MN",0,1.0,"Silvey, Mr. William Baird",male,50.0,1.0,0.0,13507
108.9,C105,C,,1,1.0,"Oliva y Ocana, Dona. Fermina",female,39.0,0.0,0.0,PC 17758
7.8958,,S,,0,3.0,"Hendekovic, Mr. Ignjac",male,28.0,0.0,0.0,349243
56.4958,,S,"Hong Kong New York, NY",1,3.0,"Foo, Mr. Choong",male,,0.0,0.0,1601
12.525,,S,"Jacksonville, FL",0,2.0,"Bateman, Rev. Robert James",male,51.0,0.0,0.0,S.O.P. 1166
8.05,,S,"Australia Fingal, ND",1,3.0,"Dahl, Mr. Karl Edwart",male,45.0,0.0,0.0,7598
13.0,F,S,,0,2.0,"Swane, Mr. George",male,18.5,0.0,0.0,248734
26.55,E17,S,"Lima, Peru",1,1.0,"Daly, Mr. Peter Denis ",male,51.0,0.0,0.0,113055
35.5,C52,S,"London, England",1,1.0,"Woolner, Mr. Hugh",male,,0.0,0.0,19947
90.0,C78,Q,"Green Bay, WI",1,1.0,"Minahan, Miss. Daisy E",female,33.0,1.0,0.0,19928
23.0,,S,Southampton,1,2.0,"Doling, Mrs. John T (Ada Julia Bone)",female,34.0,0.0,1.0,231919
7.775,,S,,0,3.0,"Larsson, Mr. Bengt Edvin",male,29.0,0.0,0.0,347067
10.5,,S,"London, England / Marietta, Ohio and Milwaukee, WI",1,2.0,"Ridsdale, Miss. Lucy",female,50.0,0.0,0.0,W./C. 14258
42.4,,S,,0,1.0,"Harrington, Mr. Charles H",male,,0.0,0.0,113796
42.5,B11,S,London / Middlesex,0,1.0,"Head, Mr. Christopher",male,42.0,0.0,0.0,113038
7.65,F G73,S,,0,3.0,"Soholt, Mr. Peter Andreas Lauritz Andersen",male,19.0,0.0,0.0,348124
7.7958,,S,,1,3.0,"Jansson, Mr. Carl Olof",male,21.0,0.0,0.0,350034
23.25,,Q,,1,3.0,"McCoy, Mr. Bernard",male,,2.0,0.0,367226
69.55,,S,,0,3.0,"Sage, Mr. George John Jr",male,,8.0,2.0,CA. 2343
14.4542,,C,,0,3.0,"Khalil, Mr. Betros",male,,1.0,0.0,2660
7.75,,Q,,0,3.0,"Henry, Miss. Delia",female,,0.0,0.0,382649
0.0,A36,S,"Belfast, NI",0,1.0,"Andrews, Mr. Thomas Jr",male,39.0,0.0,0.0,112050
21.6792,,C,,0,3.0,"Samaan, Mr. Youssef",male,,2.0,0.0,2662
39.0,F4,S,"Guntur, India / Benton Harbour, MI",1,2.0,"Becker, Miss. Marion Louise",female,4.0,2.0,1.0,230136
113.275,D36,C,"Lexington, MA",1,1.0,"Newell, Miss. Madeleine",female,31.0,1.0,0.0,35273
26.0,,S,"Warwick, England",1,2.0,"Angle, Mrs. William A (Florence ""Mary"" Agnes Hughes)",female,36.0,1.0,0.0,226875
52.5542,D19,S,"Boston, MA",1,1.0,"Kimball, Mrs. Edwin Nelson Jr (Gertrude Parsons)",female,45.0,1.0,0.0,11753
8.05,,S,,0,3.0,"Spinner, Mr. Henry John",male,32.0,0.0,0.0,STON/OQ. 369943
7.85,,S,"Philadelphia, PA",0,3.0,"Goldsmith, Mr. Nathan",male,41.0,0.0,0.0,SOTON/O.Q. 3101263
8.05,,S,,0,3.0,"Reynolds, Mr. Harold J",male,21.0,0.0,0.0,342684
26.0,,S,"Liverpool / Montreal, PQ",0,2.0,"Gaskell, Mr. Alfred",male,16.0,0.0,0.0,239865
164.8667,C7,S,"Youngstown, OH",1,1.0,"Bonnell, Miss. Caroline",female,30.0,0.0,0.0,36928
7.75,,Q,,1,3.0,"Kelly, Miss. Anna Katherine ""Annie Kate""",female,,0.0,0.0,9234
78.2667,D20,C,"Haverford, PA",1,1.0,"Stephenson, Mrs. Walter Bertram (Martha Eustis)",female,52.0,1.0,0.0,36947
33.5,B19,S,"Brooklyn, NY",0,1.0,"Van der hoef, Mr. Wyckoff",male,61.0,0.0,0.0,111240
13.8583,,C,"Barcelona, Spain / Havana, Cuba",1,2.0,"Duran y More, Miss. Florentina",female,30.0,1.0,0.0,SC/PARIS 2148
46.9,,S,"Wiltshire, England Niagara Falls, NY",0,3.0,"Goodwin, Master. Sidney Leonard",male,1.0,5.0,2.0,CA 2144
263.0,C23 C25 C27,S,"Winnipeg, MB",1,1.0,"Fortune, Mrs. Mark (Mary McDougald)",female,60.0,1.0,4.0,19950
8.6625,,S,,0,3.0,"Calic, Mr. Petar",male,17.0,0.0,0.0,315086
7.8958,,S,,0,3.0,"Ilieff, Mr. Ylio",male,,0.0,0.0,349220
14.4542,,C,Greece,0,3.0,"Chronopoulos, Mr. Demetrios",male,18.0,1.0,0.0,2680
8.05,,S,"Bournemouth, England",0,3.0,"Adams, Mr. John",male,26.0,0.0,0.0,341826
53.1,C123,S,"Scituate, MA",0,1.0,"Futrelle, Mr. Jacques Heath",male,37.0,1.0,0.0,113803
14.4583,,C,"Ottawa, ON",0,3.0,"Caram, Mr. Joseph",male,,1.0,0.0,2689
69.55,,S,,0,3.0,"Sage, Master. Thomas Henry",male,,8.0,2.0,CA. 2343
27.9,,S,,0,3.0,"Skoog, Master. Karl Thorsten",male,10.0,3.0,2.0,347088
14.5,,S,"Detroit, MI",1,2.0,"Hamalainen, Master. Viljo",male,0.6667,1.0,1.0,250649
7.8792,,Q,"New York, NY",0,3.0,"Barry, Miss. Julia",female,27.0,0.0,0.0,330844
63.3583,D10 D12,C,"New York, NY",1,1.0,"Greenfield, Mr. William Bertram",male,23.0,0.0,1.0,PC 17759
7.2292,,C,,0,3.0,"Katavelas, Mr. Vassilios (""Catavelas Vassilios"")",male,18.5,0.0,0.0,2682
27.7208,,C,"Chicago, IL",0,1.0,"Lewy, Mr. Ervin G",male,,0.0,0.0,PC 17612
77.9583,D9,S,"Hudson, NY",1,1.0,"Longley, Miss. Gretchen Fiske",female,21.0,0.0,0.0,13502
0.0,,S,Belfast,0,2.0,"Watson, Mr. Ennis Hastings",male,,0.0,0.0,239856
81.8583,A34,S,"San Francisco, CA",1,1.0,"Dodge, Mrs. Washington (Ruth Vidaver)",female,54.0,1.0,1.0,33638
14.4583,,C,,0,3.0,"Attalah, Miss. Malake",female,17.0,0.0,0.0,2627
211.3375,B5,S,"St Louis, MO",1,1.0,"Allen, Miss. Elisabeth Walton",female,29.0,0.0,0.0,24160
227.525,,C,,0,1.0,"Robbins, Mr. Victor",male,,0.0,0.0,PC 17757
27.7208,A11,C,"Paris, France",1,1.0,"Rosenbaum, Miss. Edith Louise",female,33.0,0.0,0.0,PC 17613
227.525,C62 C64,C,"New York, NY",0,1.0,"Astor, Col. John Jacob",male,47.0,1.0,0.0,PC 17757
14.5,,S,,0,3.0,"Robins, Mr. Alexander A",male,50.0,1.0,0.0,A/5. 3337
10.5,,S,,0,2.0,"Leyson, Mr. Robert William Norman",male,24.0,0.0,0.0,C.A. 29566
7.925,,S,,1,3.0,"Jussila, Mr. Eiriik",male,32.0,0.0,0.0,STON/O 2. 3101286
164.8667,,S,"Youngstown, OH",1,1.0,"Wick, Mrs. George Dennick (Mary Hitchcock)",female,45.0,1.0,1.0,36928
7.7958,,S,,0,3.0,"Johansson, Mr. Erik",male,22.0,0.0,0.0,350052
29.125,,Q,,0,3.0,"Rice, Master. George Hugh",male,8.0,4.0,1.0,382652
27.7208,,C,"New York, NY",1,1.0,"Cassebeer, Mrs. Henry Arthur Jr (Eleanor Genevieve Fosdick)",female,,0.0,0.0,17770
76.2917,D15,C,,1,1.0,"Bazzani, Miss. Albina",female,32.0,0.0,0.0,11813
7.65,F G63,S,,0,3.0,"Humblen, Mr. Adolf Mathias Nicolai Olsen",male,42.0,0.0,0.0,348121
7.75,,Q,,1,3.0,"McCormack, Mr. Thomas Joseph",male,,0.0,0.0,367228
7.925,,S,,0,3.0,"Peltomaki, Mr. Nikolai Johannes",male,25.0,0.0,0.0,STON/O 2. 3101291
7.925,,S,,1,3.0,"Lindqvist, Mr. Eino William",male,20.0,1.0,0.0,STON/O 2. 3101285
83.1583,E52,C,"Lakewood, NJ",0,1.0,"Compton, Mr. Alexander Taylor Jr",male,37.0,1.0,1.0,PC 17756
25.4667,,S,,0,3.0,"Lefebre, Master. Henry Forbes",male,,3.0,1.0,4133
10.4625,G6,S,,0,3.0,"Strom, Mrs. Wilhelm (Elna Matilda Persson)",female,29.0,1.0,1.0,347054
14.5,,S,,0,3.0,"van Billiard, Master. James William",male,,1.0,1.0,A/5. 851
26.0,,S,"Isle of Wight, England",0,1.0,"Nicholson, Mr. Arthur Ernest",male,64.0,0.0,0.0,693
13.0,,S,"Seattle, WA / Toledo, OH",0,2.0,"Harbeck, Mr. William H",male,44.0,0.0,0.0,248746
12.275,,S,"Philadelphia, PA",0,2.0,"Hunt, Mr. George Henry",male,33.0,0.0,0.0,SCO/W 1585
14.4583,,C,"Ottawa, ON",0,3.0,"Caram, Mrs. Joseph (Maria Elias)",female,,1.0,0.0,2689
7.2292,,C,,0,3.0,"Razi, Mr. Raihed",male,,0.0,0.0,2629
34.6542,A5,C,"New York, NY",0,1.0,"Goldschmidt, Mr. George B",male,71.0,0.0,0.0,PC 17754
8.05,,S,,0,3.0,"Petersen, Mr. Marius",male,24.0,0.0,0.0,342441
7.6292,,Q,,0,3.0,"O'Sullivan, Miss. Bridget Mary",female,,0.0,0.0,330909
12.1833,,S,,0,3.0,"Klasen, Mrs. (Hulda Kristina Eugenia Lofqvist)",female,36.0,0.0,2.0,350405
211.5,C80,C,"Elkins Park, PA",1,1.0,"Widener, Mrs. George Dunton (Eleanor Elkins)",female,50.0,1.0,1.0,113503
10.5,,S,Cornwall,0,2.0,"Gilbert, Mr. William",male,47.0,0.0,0.0,C.A. 30769
75.25,D37,C,"Portland, OR",0,1.0,"Warren, Mr. Frank Manley",male,64.0,1.0,0.0,110813
134.5,E39 E41,C,,1,1.0,"Wilson, Miss. Helen Alice",female,31.0,0.0,0.0,16966
19.5,,S,"England / Bennington, VT",1,2.0,"Mellinger, Mrs. (Elizabeth Anne Maidment)",female,41.0,0.0,1.0,250644
8.05,,S,"England Oglesby, IL",1,3.0,"Dorking, Mr. Edward Arthur",male,19.0,0.0,0.0,A/5. 10482
31.3875,,S,"Sweden  Worcester, MA",1,3.0,"Asplund, Mrs. Carl Oscar (Selma Augusta Emilia Johansson)",female,38.0,1.0,5.0,347077
10.5,,S,"Plymouth, Dorset / Houghton, MI",0,2.0,"Banfield, Mr. Frederick James",male,28.0,0.0,0.0,C.A./SOTON 34068
7.925,,S,"Ruotsinphyhtaa, Finland New York, NY",1,3.0,"Andersson, Miss. Erna Alexandra",female,17.0,4.0,2.0,3101281
7.925,,S,,0,3.0,"Ilmakangas, Miss. Ida Livija",female,27.0,1.0,0.0,STON/O2. 3101270
7.8958,,S,,0,3.0,"Slabenoff, Mr. Petco",male,,0.0,0.0,349214
86.5,B77,S,"London  Vancouver, BC",1,1.0,"Rothes, the Countess. of (Lucy Noel Martha Dyer-Edwards)",female,33.0,0.0,0.0,110152
30.5,C104,S,"Toronto, ON",1,1.0,"Peuchen, Major. Arthur Godfrey",male,52.0,0.0,0.0,113786
12.475,E121,S,,1,3.0,"Moor, Master. Meier",male,6.0,0.0,1.0,392096
