passenger_id,pclass,name,sex,age,sibsp,parch,ticket
501,3.0,"Webber, Mr. James",male,,0.0,0.0,SOTON/OQ 3101316
588,2.0,"Phillips, Mr. Escott Robert",male,43.0,0.0,1.0,S.O./P.P. 2
402,3.0,"Van Impe, Miss. Catharina",female,10.0,0.0,2.0,345773
1193,3.0,"McEvoy, Mr. Michael",male,,0.0,0.0,36568
686,1.0,"Robert, Mrs. Edward Scott (Elisabeth Walton McMillan)",female,43.0,0.0,1.0,24160
971,3.0,"Barry, Miss. Julia",female,27.0,0.0,0.0,330844
117,3.0,"Karlsson, Mr. Julius Konrad Eugen",male,33.0,0.0,0.0,347465
540,1.0,"Harper, Mrs. Henry Sleeper (Myna Haxtun)",female,49.0,1.0,0.0,PC 17572
294,3.0,"Van Impe, Mr. Jean Baptiste",male,36.0,1.0,1.0,345773
261,3.0,"Linehan, Mr. Michael",male,,0.0,0.0,330971
587,3.0,"Kink, Miss. Maria",female,22.0,2.0,0.0,315152
489,3.0,"Vander Planke, Mr. Julius",male,31.0,3.0,0.0,345763
2,3.0,"O'Sullivan, Miss. Bridget Mary",female,,0.0,0.0,330909
405,2.0,"Mellinger, Miss. Madeleine Violet",female,13.0,0.0,1.0,250644
1285,1.0,"Spencer, Mr. William Augustus",male,57.0,1.0,0.0,PC 17569
338,1.0,"Frolicher, Miss. Hedwig Margaritha",female,22.0,0.0,2.0,13568
356,2.0,"Mallet, Mrs. Albert (Antoinette Magnin)",female,24.0,1.0,1.0,S.C./PARIS 2079
985,3.0,"Asplund, Mr. Carl Oscar Vilhelm Gustafsson",male,40.0,1.0,5.0,347077
182,3.0,"Danbom, Master. Gilbert Sigvard Emanuel",male,0.3333,0.0,2.0,347080
1027,3.0,"Asplund, Master. Filip Oscar",male,13.0,4.0,2.0,347077
1023,3.0,"Wittevrongel, Mr. Camille",male,36.0,0.0,0.0,345771
657,3.0,"Gustafsson, Mr. Johan Birger",male,28.0,2.0,0.0,3101277
891,3.0,"Rice, Master. Arthur",male,4.0,4.0,1.0,382652
716,3.0,"Panula, Mr. Ernesti Arvid",male,16.0,4.0,1.0,3101295
1142,1.0,"Franklin, Mr. Thomas Parham",male,,0.0,0.0,113778
520,3.0,"Ware, Mr. Frederick",male,,0.0,0.0,359309
1268,3.0,"Murdlin, Mr. Joseph",male,,0.0,0.0,A./5. 3235
395,2.0,"Brown, Mr. Thomas William Solomon",male,60.0,1.0,1.0,29750
905,3.0,"Rogers, Mr. William John",male,,0.0,0.0,S.C./A.4. 23567
278,3.0,"Johansson Palmquist, Mr. Oskar Leander",male,26.0,0.0,0.0,347070
239,1.0,"Parr, Mr. William Henry Marsh",male,,0.0,0.0,112052
1255,1.0,"Calderhead, Mr. Edward Pennington",male,42.0,0.0,0.0,PC 17476
1084,1.0,"Swift, Mrs. Frederick Joel (Margaret Welles Barron)",female,48.0,0.0,0.0,17466
110,3.0,"Samaan, Mr. Youssef",male,,2.0,0.0,2662
1256,3.0,"O'Driscoll, Miss. Bridget",female,,0.0,0.0,14311
1307,3.0,"Baclini, Miss. Marie Catherine",female,5.0,2.0,1.0,2666
822,1.0,"Ryerson, Mr. Arthur Larned",male,61.0,1.0,3.0,PC 17608
1114,3.0,"Connaghton, Mr. Michael",male,31.0,0.0,0.0,335097
1110,1.0,"Seward, Mr. Frederic Kimber",male,34.0,0.0,0.0,113794
1048,3.0,"Goldsmith, Mr. Frank John",male,33.0,1.0,1.0,363291
1034,2.0,"Beesley, Mr. Lawrence",male,34.0,0.0,0.0,248698
568,3.0,"Heikkinen, Miss. Laina",female,26.0,0.0,0.0,STON/O2. 3101282
615,3.0,"Gallagher, Mr. Martin",male,25.0,0.0,0.0,36864
840,3.0,"Johnston, Master. William Arthur ""Willie""",male,,1.0,2.0,W./C. 6607
367,3.0,"Kink-Heilmann, Mr. Anton",male,29.0,3.0,1.0,315153
655,3.0,"Conlon, Mr. Thomas Henry",male,31.0,0.0,0.0,21332
1296,3.0,"Rice, Master. George Hugh",male,8.0,4.0,1.0,382652
384,3.0,"Hansen, Mr. Claus Peter",male,41.0,2.0,0.0,350026
200,1.0,"Chisholm, Mr. Roderick Robert Crispin",male,,0.0,0.0,112051
279,3.0,"Palsson, Mrs. Nils (Alma Cornelia Berglund)",female,29.0,0.0,4.0,349909
65,3.0,"Saad, Mr. Khalil",male,25.0,0.0,0.0,2672
481,3.0,"Olsen, Mr. Ole Martin",male,,0.0,0.0,Fa 265302
619,3.0,"Lindqvist, Mr. Eino William",male,20.0,1.0,0.0,STON/O 2. 3101285
892,3.0,"O'Brien, Mr. Timothy",male,,0.0,0.0,330979
272,3.0,"Colbert, Mr. Patrick",male,24.0,0.0,0.0,371109
1137,3.0,"Horgan, Mr. John",male,,0.0,0.0,370377
581,2.0,"Gillespie, Mr. William Henry",male,34.0,0.0,0.0,12233
165,3.0,"Yasbeck, Mr. Antoni",male,27.0,1.0,0.0,2659
761,1.0,"Bonnell, Miss. Caroline",female,30.0,0.0,0.0,36928
998,1.0,"Kimball, Mr. Edwin Nelson Jr",male,42.0,1.0,0.0,11753
592,1.0,"Uruchurtu, Don. Manuel E",male,40.0,0.0,0.0,PC 17601
947,3.0,"Yousseff, Mr. Gerious",male,,0.0,0.0,2627
997,3.0,"Youseff, Mr. Gerious",male,45.5,0.0,0.0,2628
1174,3.0,"Touma, Master. Georges Youssef",male,7.0,1.0,1.0,2650
921,3.0,"O'Brien, Mr. Thomas",male,,1.0,0.0,370365
1282,2.0,"Ridsdale, Miss. Lucy",female,50.0,0.0,0.0,W./C. 14258
188,1.0,"Barber, Miss. Ellen ""Nellie""",female,26.0,0.0,0.0,19877
40,3.0,"Zakarian, Mr. Ortin",male,27.0,0.0,0.0,2670
783,3.0,"Foley, Mr. Joseph",male,26.0,0.0,0.0,330910
824,3.0,"Strandberg, Miss. Ida Sofia",female,22.0,0.0,0.0,7553
724,3.0,"Olsson, Miss. Elina",female,31.0,0.0,0.0,350407
1036,2.0,"Navratil, Master. Michel M",male,3.0,1.0,1.0,230080
316,3.0,"Risien, Mrs. Samuel (Emma)",female,,0.0,0.0,364498
214,3.0,"Lievens, Mr. Rene Aime",male,24.0,0.0,0.0,345781
1129,3.0,"Adams, Mr. John",male,26.0,0.0,0.0,341826
1203,2.0,"Aldworth, Mr. Charles Augustus",male,30.0,0.0,0.0,248744
644,3.0,"Davies, Mr. Alfred J",male,24.0,2.0,0.0,A/4 48871
362,3.0,"Boulos, Mr. Hanna",male,,0.0,0.0,2664
1205,3.0,"Osman, Mrs. Mara",female,31.0,0.0,0.0,349244
260,3.0,"Dyker, Mr. Adolf Fredrik",male,23.0,1.0,0.0,347072
19,1.0,"Silvey, Mr. William Baird",male,50.0,1.0,0.0,13507
255,2.0,"Troutt, Miss. Edwina Celia ""Winnie""",female,27.0,0.0,0.0,34218
30,2.0,"Myles, Mr. Thomas Francis",male,62.0,0.0,0.0,240276
1274,3.0,"Smith, Mr. Thomas",male,,0.0,0.0,384461
687,3.0,"Bing, Mr. Lee",male,32.0,0.0,0.0,1601
230,3.0,"Flynn, Mr. John",male,,0.0,0.0,368323
464,3.0,"Danoff, Mr. Yoto",male,27.0,0.0,0.0,349219
1156,1.0,"Hipkins, Mr. William Edward",male,55.0,0.0,0.0,680
674,3.0,"Hee, Mr. Ling",male,,0.0,0.0,1601
253,3.0,"Davies, Mr. John Samuel",male,21.0,2.0,0.0,A/4 48871
1272,3.0,"Rush, Mr. Alfred George John",male,16.0,0.0,0.0,A/4. 20589
1039,1.0,"Crosby, Capt. Edward Gifford",male,70.0,1.0,1.0,WE/P 5735
629,2.0,"Parker, Mr. Clifford Richard",male,28.0,0.0,0.0,SC 14888
731,3.0,"Chip, Mr. Chang",male,32.0,0.0,0.0,1601
1233,2.0,"Deacon, Mr. Percy William",male,17.0,0.0,0.0,S.O.C. 14879
553,3.0,"Goldsmith, Mr. Nathan",male,41.0,0.0,0.0,SOTON/O.Q. 3101263
264,1.0,"Spedden, Master. Robert Douglas",male,6.0,0.0,2.0,16966
363,3.0,"Sutehall, Mr. Henry Jr",male,25.0,0.0,0.0,SOTON/OQ 392076
1181,3.0,"Razi, Mr. Raihed",male,,0.0,0.0,2629
101,1.0,"Harris, Mrs. Henry Birkhardt (Irene Wallach)",female,35.0,1.0,0.0,36973
981,1.0,"Wick, Mr. George Dennick",male,57.0,1.0,1.0,36928
877,3.0,"Keane, Mr. Andrew ""Andy""",male,,0.0,0.0,12460
764,1.0,"Loring, Mr. Joseph Holland",male,30.0,0.0,0.0,113801
1105,1.0,"Smith, Mrs. Lucien Philip (Mary Eloise Hughes)",female,18.0,1.0,0.0,13695
922,3.0,"Jussila, Miss. Katriina",female,20.0,1.0,0.0,4136
315,3.0,"Lefebre, Miss. Mathilde",female,,3.0,1.0,4133
780,3.0,"Asplund, Master. Edvin Rojj Felix",male,3.0,4.0,2.0,347077
982,2.0,"Wheeler, Mr. Edwin ""Frederick""",male,,0.0,0.0,SC/PARIS 2159
993,3.0,"Lennon, Miss. Mary",female,,1.0,0.0,370371
1269,3.0,"Thomas, Master. Assad Alexander",male,0.4167,0.0,1.0,2625
54,1.0,"Allison, Mr. Hudson Joshua Creighton",male,30.0,1.0,2.0,113781
748,2.0,"Mellors, Mr. William John",male,19.0,0.0,0.0,SW/PP 751
974,3.0,"Moor, Mrs. (Beila)",female,27.0,0.0,1.0,392096
1178,3.0,"Abbing, Mr. Anthony",male,42.0,0.0,0.0,C.A. 5547
487,1.0,"Blackwell, Mr. Stephen Weart",male,45.0,0.0,0.0,113784
775,3.0,"Turkula, Mrs. (Hedwig)",female,63.0,0.0,0.0,4134
471,1.0,"Meyer, Mrs. Edgar Joseph (Leila Saks)",female,,1.0,0.0,PC 17604
1188,2.0,"Phillips, Miss. Kate Florence (""Mrs Kate Louise Phillips Marshall"")",female,19.0,0.0,0.0,250655
975,1.0,"Williams, Mr. Charles Duane",male,51.0,0.0,1.0,PC 17597
495,2.0,"Collander, Mr. Erik Gustaf",male,28.0,0.0,0.0,248740
754,3.0,"Makinen, Mr. Kalle Edvard",male,29.0,0.0,0.0,STON/O 2. 3101268
787,1.0,"Borebank, Mr. John James",male,42.0,0.0,0.0,110489
1079,3.0,"Allen, Mr. William Henry",male,35.0,0.0,0.0,373450
940,2.0,"Stokes, Mr. Philip Joseph",male,25.0,0.0,0.0,F.C.C. 13540
366,1.0,"Salomon, Mr. Abraham L",male,,0.0,0.0,111163
784,1.0,"Bradley, Mr. George (""George Arthur Brayton"")",male,,0.0,0.0,111427
901,2.0,"Jacobsohn, Mrs. Sidney Samuel (Amy Frances Christy)",female,24.0,2.0,1.0,243847
930,2.0,"Collyer, Miss. Marjorie ""Lottie""",female,8.0,0.0,2.0,C.A. 31921
206,3.0,"Vande Walle, Mr. Nestor Cyriel",male,28.0,0.0,0.0,345770
79,3.0,"Oreskovic, Mr. Luka",male,20.0,0.0,0.0,315094
190,2.0,"Shelley, Mrs. William (Imanita Parrish Hall)",female,25.0,0.0,1.0,230433
492,3.0,"Nosworthy, Mr. Richard Cater",male,21.0,0.0,0.0,A/4. 39886
926,3.0,"Fleming, Miss. Honora",female,,0.0,0.0,364859
145,3.0,"Andersson, Master. Sigvard Harald Elias",male,4.0,4.0,2.0,347082
318,1.0,"Carter, Mrs. William Ernest (Lucile Polk)",female,36.0,1.0,2.0,113760
654,1.0,"Rowe, Mr. Alfred G",male,33.0,0.0,0.0,113790
457,3.0,"Hyman, Mr. Abraham",male,,0.0,0.0,3470
144,3.0,"Torber, Mr. Ernst William",male,44.0,0.0,0.0,364511
864,2.0,"West, Mrs. Edwy Arthur (Ada Mary Worth)",female,33.0,1.0,2.0,C.A. 34651
912,1.0,"Saalfeld, Mr. Adolphe",male,,0.0,0.0,19988
546,2.0,"Caldwell, Master. Alden Gates",male,0.8333,0.0,2.0,248738
634,3.0,"Petroff, Mr. Nedelio",male,19.0,0.0,0.0,349212
983,3.0,"Stoytcheff, Mr. Ilia",male,19.0,0.0,0.0,349205
83,3.0,"Bostandyeff, Mr. Guentcho",male,26.0,0.0,0.0,349224
154,1.0,"Natsch, Mr. Charles H",male,37.0,0.0,1.0,PC 17596
801,3.0,"Lindell, Mr. Edvard Bengtsson",male,36.0,1.0,0.0,349910
1026,1.0,"Taussig, Miss. Ruth",female,18.0,0.0,2.0,110413
1190,3.0,"van Billiard, Master. James William",male,,1.0,1.0,A/5. 851
127,3.0,"Abrahim, Mrs. Joseph (Sophie Halaut Easu)",female,18.0,0.0,0.0,2657
1294,1.0,"Widener, Mrs. George Dunton (Eleanor Elkins)",female,50.0,1.0,1.0,113503
403,3.0,"Thomas, Mrs. Alexander (Thamine ""Thelma"")",female,16.0,1.0,1.0,2625
150,1.0,"Gibson, Miss. Dorothy Winifred",female,22.0,0.0,1.0,112378
712,2.0,"Collyer, Mr. Harvey",male,31.0,1.0,1.0,C.A. 31921
413,1.0,"Wright, Mr. George",male,62.0,0.0,0.0,113807
711,3.0,"Laitinen, Miss. Kristina Sofia",female,37.0,0.0,0.0,4135
1228,3.0,"McDermott, Miss. Brigdet Delia",female,,0.0,0.0,330932
1069,3.0,"Yasbeck, Mrs. Antoni (Selini Alexander)",female,15.0,1.0,0.0,2659
729,3.0,"Sirota, Mr. Maurice",male,,0.0,0.0,392092
999,3.0,"Dahl, Mr. Karl Edwart",male,45.0,0.0,0.0,7598
1056,3.0,"Daly, Miss. Margaret Marcella ""Maggie""",female,30.0,0.0,0.0,382650
352,3.0,"Lindahl, Miss. Agda Thorilda Viktoria",female,25.0,0.0,0.0,347071
95,2.0,"Hickman, Mr. Leonard Mark",male,24.0,2.0,0.0,S.O.C. 14879
37,1.0,"Marechal, Mr. Pierre",male,,0.0,0.0,11774
485,3.0,"Petersen, Mr. Marius",male,24.0,0.0,0.0,342441
143,3.0,"Elias, Mr. Joseph Jr",male,17.0,1.0,1.0,2690
662,3.0,"Oreskovic, Miss. Jelka",female,23.0,0.0,0.0,315085
158,3.0,"Allum, Mr. Owen George",male,18.0,0.0,0.0,2223
552,3.0,"Goldsmith, Master. Frank John William ""Frankie""",male,9.0,0.0,2.0,363291
652,3.0,"Johnson, Mr. William Cahoone Jr",male,19.0,0.0,0.0,LINE
953,3.0,"Persson, Mr. Ernst Ulrik",male,25.0,1.0,0.0,347083
867,1.0,"Smith, Mr. James Clinch",male,56.0,0.0,0.0,17764
728,3.0,"Thomas, Mr. Tannous",male,,0.0,0.0,2684
236,3.0,"Robins, Mr. Alexander A",male,50.0,1.0,0.0,A/5. 3337
222,3.0,"Sunderland, Mr. Victor Francis",male,16.0,0.0,0.0,SOTON/OQ 392089
1147,2.0,"Hale, Mr. Reginald",male,30.0,0.0,0.0,250653
950,2.0,"Malachard, Mr. Noel",male,,0.0,0.0,237735
752,3.0,"Sandstrom, Mrs. Hjalmar (Agnes Charlotta Bengtsson)",female,24.0,0.0,2.0,PP 9549
704,3.0,"Riihivouri, Miss. Susanna Juhantytar ""Sanni""",female,22.0,0.0,0.0,3101295
578,3.0,"Sundman, Mr. Johan Julian",male,44.0,0.0,0.0,STON/O 2. 3101269
62,3.0,"Touma, Miss. Maria Youssef",female,9.0,1.0,1.0,2650
193,3.0,"Coleff, Mr. Peju",male,36.0,0.0,0.0,349210
235,2.0,"Caldwell, Mr. Albert Francis",male,26.0,1.0,1.0,248738
181,2.0,"Brown, Miss. Amelia ""Mildred""",female,24.0,0.0,0.0,248733
713,3.0,"Hansen, Mr. Henrik Juul",male,26.0,1.0,0.0,350025
521,3.0,"Rekic, Mr. Tido",male,38.0,0.0,0.0,349249
661,3.0,"Pokrnic, Mr. Tome",male,24.0,0.0,0.0,315092
943,3.0,"Rosblom, Miss. Salli Helena",female,2.0,1.0,1.0,370129
583,3.0,"Flynn, Mr. James",male,,0.0,0.0,364851
382,2.0,"Louch, Mrs. Charles Alexander (Alice Adelaide Slow)",female,42.0,1.0,0.0,SC/AH 3085
1247,1.0,"McGough, Mr. James Robert",male,36.0,0.0,0.0,PC 17473
1212,2.0,"Faunthorpe, Mrs. Lizzie (Elizabeth Anne Wilkinson)",female,29.0,1.0,0.0,2926
331,3.0,"Abbott, Mr. Rossmore Edward",male,16.0,1.0,1.0,C.A. 2673
262,1.0,"Clark, Mrs. Walter Miller (Virginia McDowell)",female,26.0,1.0,0.0,13508
6,1.0,"Lesurer, Mr. Gustave J",male,35.0,0.0,0.0,PC 17755
266,1.0,"Penasco y Castellana, Mrs. Victor de Satode (Maria Josefa Perez de Soto y Vallejo)",female,17.0,1.0,0.0,PC 17758
38,1.0,"Cumings, Mrs. John Bradley (Florence Briggs Thayer)",female,38.0,1.0,0.0,PC 17599
1270,3.0,"Humblen, Mr. Adolf Mathias Nicolai Olsen",male,42.0,0.0,0.0,348121
545,3.0,"Lundstrom, Mr. Thure Edvin",male,32.0,0.0,0.0,350403
118,3.0,"Murphy, Miss. Nora",female,,0.0,0.0,36568
621,3.0,"Mannion, Miss. Margareth",female,,0.0,0.0,36866
105,3.0,"Foo, Mr. Choong",male,,0.0,0.0,1601
1064,3.0,"Ryan, Mr. Edward",male,,0.0,0.0,383162
484,3.0,"Shine, Miss. Ellen Natalia",female,,0.0,0.0,330968
899,3.0,"Andersson, Miss. Ellis Anna Maria",female,2.0,4.0,2.0,347082
20,1.0,"Hawksford, Mr. Walter James",male,,0.0,0.0,16988
242,3.0,"Lahoud, Mr. Sarkis",male,,0.0,0.0,2624
50,1.0,"Gracie, Col. Archibald IV",male,53.0,0.0,0.0,113780
162,3.0,"Karlsson, Mr. Nils August",male,22.0,0.0,0.0,350060
830,3.0,"Braund, Mr. Owen Harris",male,22.0,1.0,0.0,A/5 21171
746,2.0,"Mallet, Master. Andre",male,1.0,0.0,2.0,S.C./PARIS 2079
848,3.0,"Haas, Miss. Aloisia",female,24.0,0.0,0.0,349236
301,2.0,"Christy, Miss. Julie Rachel",female,25.0,1.0,1.0,237789
172,3.0,"Williams, Mr. Howard Hugh ""Harry""",male,,0.0,0.0,A/5 2466
884,2.0,"Parkes, Mr. Francis ""Frank""",male,,0.0,0.0,239853
1132,3.0,"Cann, Mr. Ernest Charles",male,21.0,0.0,0.0,A./5. 2152
1297,3.0,"Willer, Mr. Aaron (""Abi Weller"")",male,,0.0,0.0,3410
667,3.0,"Nenkoff, Mr. Christo",male,,0.0,0.0,349234
907,3.0,"Goodwin, Master. Sidney Leonard",male,1.0,5.0,2.0,CA 2144
1232,3.0,"Andersson, Miss. Erna Alexandra",female,17.0,4.0,2.0,3101281
210,3.0,"Leonard, Mr. Lionel",male,36.0,0.0,0.0,LINE
344,3.0,"Lundahl, Mr. Johan Svensson",male,51.0,0.0,0.0,347743
306,1.0,"Rheims, Mr. George Alexander Lucien",male,,0.0,0.0,PC 17607
217,2.0,"del Carlo, Mrs. Sebastiano (Argenia Genovesi)",female,24.0,1.0,0.0,SC/PARIS 2167
1284,3.0,"Buckley, Mr. Daniel",male,21.0,0.0,0.0,330920
289,3.0,"Dintcheff, Mr. Valtcho",male,43.0,0.0,0.0,349226
378,2.0,"Harper, Miss. Annie Jessie ""Nina""",female,6.0,0.0,1.0,248727
167,3.0,"Calic, Mr. Jovo",male,17.0,0.0,0.0,315093
421,1.0,"Chaffee, Mrs. Herbert Fuller (Carrie Constance Toogood)",female,47.0,1.0,0.0,W.E.P. 5734
980,3.0,"Klasen, Mr. Klas Albin",male,18.0,1.0,1.0,350404
616,2.0,"Davies, Master. John Morgan Jr",male,8.0,1.0,1.0,C.A. 33112
12,2.0,"McCrie, Mr. James Matthew",male,30.0,0.0,0.0,233478
522,3.0,"Connolly, Miss. Kate",female,30.0,0.0,0.0,330972
1009,3.0,"Cacic, Miss. Marija",female,30.0,0.0,0.0,315084
68,2.0,"Doling, Mrs. John T (Ada Julia Bone)",female,34.0,0.0,1.0,231919
90,3.0,"Dennis, Mr. Samuel",male,22.0,0.0,0.0,A/5 21172
959,3.0,"Odahl, Mr. Nils Martin",male,23.0,0.0,0.0,7267
380,1.0,"Lines, Miss. Mary Conover",female,16.0,0.0,1.0,PC 17592
372,2.0,"Denbury, Mr. Herbert",male,25.0,0.0,0.0,C.A. 31029
258,2.0,"Sobey, Mr. Samuel James Hayden",male,25.0,0.0,0.0,C.A. 29178
737,1.0,"Clark, Mr. Walter Miller",male,27.0,1.0,0.0,13508
304,3.0,"Meanwell, Miss. (Marion Ogden)",female,,0.0,0.0,SOTON/O.Q. 392087
1170,3.0,"Vanden Steen, Mr. Leo Peter",male,28.0,0.0,0.0,345783
410,3.0,"Johansson, Mr. Erik",male,22.0,0.0,0.0,350052
1265,1.0,"Cumings, Mr. John Bradley",male,39.0,1.0,0.0,PC 17599
665,3.0,"Calic, Mr. Petar",male,17.0,0.0,0.0,315086
42,3.0,"Ford, Miss. Robina Maggie ""Ruby""",female,9.0,2.0,2.0,W./C. 6608
208,1.0,"Taussig, Mr. Emil",male,52.0,1.0,1.0,110413
1160,1.0,"Hippach, Mrs. Louis Albert (Ida Sophia Fischer)",female,44.0,0.0,1.0,111361
751,3.0,"Jermyn, Miss. Annie",female,,0.0,0.0,14313
1001,3.0,"Slocovski, Mr. Selman Francis",male,,0.0,0.0,SOTON/OQ 392086
596,2.0,"Phillips, Miss. Alice Frances Louisa",female,21.0,0.0,1.0,S.O./P.P. 2
1162,2.0,"Nasser, Mrs. Nicholas (Adele Achem)",female,14.0,1.0,0.0,237736
515,3.0,"Sage, Mr. Frederick",male,,8.0,2.0,CA. 2343
285,1.0,"Chambers, Mrs. Norman Campbell (Bertha Griggs)",female,33.0,1.0,0.0,113806
1021,3.0,"Davison, Mr. Thomas Henry",male,,1.0,0.0,386525
71,3.0,"Dahlberg, Miss. Gerda Ulrika",female,22.0,0.0,0.0,7552
561,2.0,"Duran y More, Miss. Asuncion",female,27.0,1.0,0.0,SC/PARIS 2149
179,1.0,"Duff Gordon, Lady. (Lucille Christiana Sutherland) (""Mrs Morgan"")",female,48.0,1.0,0.0,11755
1231,3.0,"Gustafsson, Mr. Karl Gideon",male,19.0,0.0,0.0,347069
1224,2.0,"Watt, Mrs. James (Elizabeth ""Bessie"" Inglis Milne)",female,40.0,0.0,0.0,C.A. 33595
493,3.0,"Shorney, Mr. Charles Joseph",male,,0.0,0.0,374910
116,2.0,"Campbell, Mr. William",male,,0.0,0.0,239853
293,3.0,"Rosblom, Mrs. Viktor (Helena Wilhelmina)",female,41.0,0.0,2.0,370129
76,1.0,"Bucknell, Mrs. William Robert (Emma Eliza Ward)",female,60.0,0.0,0.0,11813
48,3.0,"Abelseth, Mr. Olaus Jorgensen",male,25.0,0.0,0.0,348122
689,2.0,"Wilhelms, Mr. Charles",male,31.0,0.0,0.0,244270
1195,3.0,"Olsen, Master. Artur Karl",male,9.0,0.0,1.0,C 17368
1182,3.0,"Rice, Master. Eugene",male,2.0,4.0,1.0,382652
332,2.0,"Becker, Mrs. Allen Oliver (Nellie E Baumgardner)",female,36.0,0.0,3.0,230136
576,3.0,"Fox, Mr. Patrick",male,,0.0,0.0,368573
622,1.0,"Nicholson, Mr. Arthur Ernest",male,64.0,0.0,0.0,693
564,3.0,"Larsson-Rondberg, Mr. Edvard A",male,22.0,0.0,0.0,347065
1138,1.0,"Hays, Mr. Charles Melville",male,55.0,1.0,1.0,12749
766,2.0,"Stanton, Mr. Samuel Ward",male,41.0,0.0,0.0,237734
409,3.0,"Sage, Mr. John George",male,,1.0,9.0,CA. 2343
994,1.0,"Stone, Mrs. George Nelson (Martha Evelyn)",female,62.0,0.0,0.0,113572
1302,3.0,"Zakarian, Mr. Mapriededer",male,26.5,0.0,0.0,2656
834,3.0,"Zabour, Miss. Thamine",female,,1.0,0.0,2665
288,3.0,"Ahlin, Mrs. Johan (Johanna Persdotter Larsson)",female,40.0,1.0,0.0,7546
630,3.0,"Zabour, Miss. Hileni",female,14.5,1.0,0.0,2665
524,1.0,"Porter, Mr. Walter Chamberlain",male,47.0,0.0,0.0,110465
157,2.0,"Dibden, Mr. William",male,18.0,0.0,0.0,S.O.C. 14879
337,3.0,"Barah, Mr. Hanna Assi",male,20.0,0.0,0.0,2663
1235,3.0,"Robins, Mrs. Alexander A (Grace Charity Laury)",female,47.0,1.0,0.0,A/5. 3337
496,3.0,"Torfa, Mr. Assad",male,,0.0,0.0,2673
46,3.0,"Sage, Miss. Ada",female,,8.0,2.0,CA. 2343
869,3.0,"Baclini, Mrs. Solomon (Latifa Qurban)",female,24.0,0.0,3.0,2666
462,1.0,"Bissette, Miss. Amelia",female,35.0,0.0,0.0,PC 17760
1151,2.0,"Knight, Mr. Robert J",male,,0.0,0.0,239855
829,1.0,"Marvin, Mrs. Daniel Warner (Mary Graham Carmichael Farquarson)",female,18.0,1.0,0.0,113773
439,1.0,"Bazzani, Miss. Albina",female,32.0,0.0,0.0,11813
177,1.0,"Graham, Mrs. William Thompson (Edith Junkins)",female,58.0,0.0,1.0,PC 17582
992,3.0,"Beavan, Mr. William Thomas",male,19.0,0.0,0.0,323951
1054,2.0,"Matthews, Mr. William John",male,30.0,0.0,0.0,28228
424,3.0,"van Billiard, Mr. Austin Blyler",male,40.5,0.0,2.0,A/5. 851
325,1.0,"Thayer, Mrs. John Borland (Marian Longstreth Morris)",female,39.0,1.0,1.0,17421
902,3.0,"Goodwin, Miss. Lillian Amy",female,16.0,5.0,2.0,CA 2144
664,3.0,"Sandstrom, Miss. Marguerite Rut",female,4.0,1.0,1.0,PP 9549
350,1.0,"Harder, Mr. George Achilles",male,25.0,1.0,0.0,11765
447,3.0,"Goncalves, Mr. Manuel Estanslas",male,38.0,0.0,0.0,SOTON/O.Q. 3101306
17,3.0,"Cor, Mr. Bartol",male,35.0,0.0,0.0,349230
1111,1.0,"Pears, Mr. Thomas Clinton",male,29.0,1.0,0.0,113776
758,3.0,"Wiklund, Mr. Karl Johan",male,21.0,1.0,0.0,3101266
1218,3.0,"Vovk, Mr. Janko",male,22.0,0.0,0.0,349252
345,3.0,"Plotcharsky, Mr. Vasil",male,,0.0,0.0,349227
866,3.0,"Petterson, Mr. Johan Emil",male,25.0,1.0,0.0,347076
313,2.0,"Williams, Mr. Charles Eugene",male,,0.0,0.0,244373
757,2.0,"Nicholls, Mr. Joseph Charles",male,19.0,1.0,1.0,C.A. 33112
451,3.0,"Khalil, Mr. Betros",male,,1.0,0.0,2660
170,3.0,"Kilgannon, Mr. Thomas J",male,,0.0,0.0,36865
699,2.0,"Watson, Mr. Ennis Hastings",male,,0.0,0.0,239856
1308,3.0,"Touma, Mrs. Darwis (Hanne Youssef Razi)",female,29.0,0.0,2.0,2650
133,1.0,"Oliva y Ocana, Dona. Fermina",female,39.0,0.0,0.0,PC 17758
1108,3.0,"Minkoff, Mr. Lazar",male,21.0,0.0,0.0,349211
1045,2.0,"Laroche, Mrs. Joseph (Juliette Marie Louise Lafargue)",female,22.0,1.0,2.0,SC/Paris 2123
78,1.0,"Cardeza, Mr. Thomas Drake Martinez",male,36.0,0.0,1.0,PC 17755
1024,3.0,"Sage, Miss. Constance Gladys",female,,8.0,2.0,CA. 2343
346,3.0,"Attalah, Mr. Sleiman",male,30.0,0.0,0.0,2694
396,2.0,"Enander, Mr. Ingvar",male,21.0,0.0,0.0,236854
1070,3.0,"Radeff, Mr. Alexander",male,,0.0,0.0,349223
389,3.0,"Nakid, Miss. Maria (""Mary"")",female,1.0,0.0,2.0,2653
385,1.0,"Cassebeer, Mrs. Henry Arthur Jr (Eleanor Genevieve Fosdick)",female,,0.0,0.0,17770
744,1.0,"Ryerson, Miss. Emily Borie",female,18.0,2.0,2.0,PC 17608
119,3.0,"Osen, Mr. Olaf Elon",male,16.0,0.0,0.0,7534
1210,1.0,"Ward, Miss. Anna",female,35.0,0.0,0.0,PC 17755
966,3.0,"Reynolds, Mr. Harold J",male,21.0,0.0,0.0,342684
229,1.0,"Ovies y Rodriguez, Mr. Servando",male,28.5,0.0,0.0,PC 17562
1109,3.0,"Doyle, Miss. Elizabeth",female,24.0,0.0,0.0,368702
21,3.0,"Elias, Mr. Joseph",male,39.0,0.0,2.0,2675
1173,2.0,"Beane, Mr. Edward",male,32.0,1.0,0.0,2908
935,3.0,"Alhomaki, Mr. Ilmari Rudolf",male,20.0,0.0,0.0,SOTON/O2 3101287
250,1.0,"Fortune, Mrs. Mark (Mary McDougald)",female,60.0,1.0,4.0,19950
243,2.0,"Leyson, Mr. Robert William Norman",male,24.0,0.0,0.0,C.A. 29566
920,1.0,"Frauenthal, Dr. Henry William",male,50.0,2.0,0.0,PC 17611
35,2.0,"Abelson, Mrs. Samuel (Hannah Wizosky)",female,28.0,1.0,0.0,P/PP 3381
593,2.0,"West, Miss. Constance Mirium",female,5.0,1.0,2.0,C.A. 34651
671,3.0,"Sdycoff, Mr. Todor",male,,0.0,0.0,349222
507,3.0,"Emanuel, Miss. Virginia Ethel",female,5.0,0.0,0.0,364516
937,2.0,"Buss, Miss. Kate",female,36.0,0.0,0.0,27849
771,2.0,"Silven, Miss. Lyyli Karoliina",female,18.0,0.0,2.0,250652
1059,1.0,"Smith, Mr. Richard William",male,,0.0,0.0,113056
109,2.0,"Downton, Mr. William James",male,54.0,0.0,0.0,28403
963,3.0,"Baclini, Miss. Helene Barbara",female,0.75,2.0,1.0,2666
379,3.0,"Widegren, Mr. Carl/Charles Peter",male,51.0,0.0,0.0,347064
614,3.0,"Markun, Mr. Johann",male,33.0,0.0,0.0,349257
604,2.0,"Drew, Master. Marshall Brines",male,8.0,0.0,2.0,28220
627,1.0,"Cleaver, Miss. Alice",female,22.0,0.0,0.0,113781
660,2.0,"Baimbrigge, Mr. Charles Robert",male,23.0,0.0,0.0,C.A. 31030
582,3.0,"Carver, Mr. Alfred John",male,28.0,0.0,0.0,392095
723,3.0,"Kennedy, Mr. John",male,,0.0,0.0,368783
171,1.0,"Gee, Mr. Arthur H",male,47.0,0.0,0.0,111320
677,1.0,"Minahan, Mrs. William Edward (Lillian E Thorpe)",female,37.0,1.0,0.0,19928
238,3.0,"McMahon, Mr. Martin",male,,0.0,0.0,370372
700,3.0,"Vestrom, Miss. Hulda Amanda Adolfina",female,14.0,0.0,0.0,350406
986,1.0,"Harrington, Mr. Charles H",male,,0.0,0.0,113796
1014,3.0,"Jonsson, Mr. Carl",male,32.0,0.0,0.0,350417
709,3.0,"Kelly, Mr. James",male,44.0,0.0,0.0,363592
1286,1.0,"Cornell, Mrs. Robert Clifford (Malvina Helen Lamson)",female,55.0,2.0,0.0,11770
321,3.0,"Palsson, Miss. Torborg Danira",female,8.0,3.0,1.0,349909
120,3.0,"Wiseman, Mr. Phillippe",male,,0.0,0.0,A/4. 34244
1161,2.0,"Howard, Mr. Benjamin",male,63.0,1.0,0.0,24065
155,2.0,"Caldwell, Mrs. Albert Francis (Sylvia Mae Harbaugh)",female,22.0,1.0,1.0,248738
1112,1.0,"Pears, Mrs. Thomas (Edith Wearne)",female,22.0,1.0,0.0,113776
624,1.0,"Hays, Miss. Margaret Bechstein",female,24.0,0.0,0.0,11767
138,3.0,"Petroff, Mr. Pastcho (""Pentcho"")",male,,0.0,0.0,349215
125,3.0,"Pettersson, Miss. Ellen Natalia",female,18.0,0.0,0.0,347087
456,2.0,"Gale, Mr. Harry",male,38.0,1.0,0.0,28664
66,1.0,"Frolicher-Stehli, Mr. Maxmillian",male,60.0,1.0,1.0,13567
831,3.0,"Peacock, Mrs. Benjamin (Edith Nile)",female,26.0,0.0,2.0,SOTON/O.Q. 3101315
881,1.0,"Straus, Mrs. Isidor (Rosalie Ida Blun)",female,63.0,1.0,0.0,PC 17483
1153,3.0,"Andersson, Miss. Ebba Iris Alfrida",female,6.0,4.0,2.0,347082
626,3.0,"Andersson, Miss. Ida Augusta Margareta",female,38.0,4.0,2.0,347091
605,3.0,"Cacic, Mr. Luka",male,38.0,0.0,0.0,315089
1295,3.0,"Strom, Mrs. Wilhelm (Elna Matilda Persson)",female,29.0,1.0,1.0,347054
1133,1.0,"Rosenbaum, Miss. Edith Louise",female,33.0,0.0,0.0,PC 17613
178,3.0,"Sage, Miss. Dorothy Edith ""Dolly""",female,,8.0,2.0,CA. 2343
1081,3.0,"Risien, Mr. Samuel Beard",male,,0.0,0.0,364498
415,3.0,"Dantcheff, Mr. Ristiu",male,25.0,0.0,0.0,349203
100,2.0,"Smith, Miss. Marion Elsie",female,40.0,0.0,0.0,31418
871,3.0,"Todoroff, Mr. Lalio",male,,0.0,0.0,349216
1165,3.0,"Goodwin, Master. Harold Victor",male,9.0,5.0,2.0,CA 2144
741,3.0,"Kink-Heilmann, Miss. Luise Gretchen",female,4.0,0.0,2.0,315153
334,3.0,"Hampe, Mr. Leon",male,20.0,0.0,0.0,345769
114,3.0,"Laleff, Mr. Kristo",male,,0.0,0.0,349217
681,1.0,"Hilliard, Mr. Herbert Henry",male,,0.0,0.0,17463
220,3.0,"Goodwin, Mr. Charles Frederick",male,40.0,1.0,6.0,CA 2144
391,3.0,"Coleff, Mr. Satio",male,24.0,0.0,0.0,349209
1202,3.0,"Andersson, Mr. August Edvard (""Wennerstrom"")",male,27.0,0.0,0.0,350043
309,1.0,"Young, Miss. Marie Grice",female,36.0,0.0,0.0,PC 17760
1154,2.0,"Andrew, Mr. Edgardo Samuel",male,18.0,0.0,0.0,231945
1223,3.0,"Lam, Mr. Ali",male,,0.0,0.0,1601
527,3.0,"Healy, Miss. Hanora ""Nora""",female,,0.0,0.0,370375
927,2.0,"Hunt, Mr. George Henry",male,33.0,0.0,0.0,SCO/W 1585
245,3.0,"Leinonen, Mr. Antti Gustaf",male,32.0,0.0,0.0,STON/O 2. 3101292
685,3.0,"Ivanoff, Mr. Kanio",male,,0.0,0.0,349201
518,1.0,"Chaudanson, Miss. Victorine",female,36.0,0.0,0.0,PC 17608
1017,2.0,"Brown, Miss. Edith Eileen",female,15.0,0.0,2.0,29750
861,1.0,"Spedden, Mr. Frederic Oakley",male,45.0,1.0,1.0,16966
394,3.0,"Caram, Mrs. Joseph (Maria Elias)",female,,1.0,0.0,2689
640,1.0,"Harrison, Mr. William",male,40.0,0.0,0.0,112059
104,1.0,"Homer, Mr. Harry (""Mr E Haven"")",male,35.0,0.0,0.0,111426
1234,2.0,"Richards, Mrs. Sidney (Emily Hocking)",female,24.0,2.0,3.0,29106
1031,3.0,"Hagardon, Miss. Kate",female,17.0,0.0,0.0,AQ/3. 30631
979,3.0,"McCoy, Mr. Bernard",male,,2.0,0.0,367226
51,3.0,"Harmer, Mr. Abraham (David Lishin)",male,25.0,0.0,0.0,374887
602,1.0,"Partner, Mr. Austen",male,45.5,0.0,0.0,113043
354,3.0,"Lefebre, Master. Henry Forbes",male,,3.0,1.0,4133
1227,1.0,"Rothes, the Countess. of (Lucy Noel Martha Dyer-Edwards)",female,33.0,0.0,0.0,110152
460,3.0,"Salkjelsvik, Miss. Anna Kristine",female,21.0,0.0,0.0,343120
22,3.0,"Brocklebank, Mr. William Alfred",male,35.0,0.0,0.0,364512
374,3.0,"Van Impe, Mrs. Jean Baptiste (Rosalie Paula Govaert)",female,30.0,1.0,1.0,345773
538,2.0,"Davies, Mrs. John Morgan (Elizabeth Agnes Mary White) ",female,48.0,0.0,2.0,C.A. 33112
218,3.0,"Ekstrom, Mr. Johan",male,45.0,0.0,0.0,347061
585,2.0,"Mack, Mrs. (Mary)",female,57.0,0.0,0.0,S.O./P.P. 3
944,2.0,"Pain, Dr. Alfred",male,23.0,0.0,0.0,244278
841,3.0,"Vendel, Mr. Olof Edvin",male,20.0,0.0,0.0,350416
879,1.0,"Straus, Mr. Isidor",male,67.0,1.0,0.0,PC 17483
414,3.0,"Aronsson, Mr. Ernst Axel Algot",male,24.0,0.0,0.0,349911
205,3.0,"Panula, Mr. Jaako Arnold",male,14.0,4.0,1.0,3101295
1061,3.0,"Johnson, Miss. Eleanor Ileen",female,1.0,1.0,1.0,347742
497,2.0,"Christy, Mrs. (Alice Frances)",female,45.0,0.0,2.0,237789
516,3.0,"Boulos, Miss. Nourelain",female,9.0,1.0,1.0,2678
702,3.0,"Dowdell, Miss. Elizabeth",female,30.0,0.0,0.0,364516
676,3.0,"Albimona, Mr. Nassef Cassem",male,26.0,0.0,0.0,2699
375,3.0,"Stankovic, Mr. Ivan",male,33.0,0.0,0.0,349239
185,3.0,"Jonkoff, Mr. Lalio",male,23.0,0.0,0.0,349204
404,3.0,"Vander Planke, Miss. Augusta Maria",female,18.0,2.0,0.0,345764
706,3.0,"Boulos, Mrs. Joseph (Sultana)",female,,0.0,2.0,2678
1278,3.0,"Danbom, Mr. Ernst Gilbert",male,34.0,1.0,1.0,347080
401,3.0,"Dean, Mrs. Bertram (Eva Georgetta Light)",female,33.0,1.0,2.0,C.A. 2315
856,3.0,"Davison, Mrs. Thomas Henry (Mary E Finck)",female,,1.0,0.0,386525
1063,3.0,"Braf, Miss. Elin Ester Maria",female,20.0,0.0,0.0,347471
441,1.0,"Wick, Mrs. George Dennick (Mary Hitchcock)",female,45.0,1.0,1.0,36928
132,3.0,"Palsson, Master. Paul Folke",male,6.0,3.0,1.0,349909
745,2.0,"Hart, Mrs. Benjamin (Esther Ada Bloomfield)",female,45.0,1.0,1.0,F.C.C. 13529
173,3.0,"Palsson, Master. Gosta Leonard",male,2.0,3.0,1.0,349909
690,3.0,"Peduzzi, Mr. Joseph",male,,0.0,0.0,A/5 2817
825,1.0,"Bird, Miss. Ellen",female,29.0,0.0,0.0,PC 17483
827,2.0,"Hamalainen, Master. Viljo",male,0.6667,1.0,1.0,250649
428,3.0,"Elias, Mr. Dibo",male,,0.0,0.0,2674
915,2.0,"Quick, Miss. Winifred Vera",female,8.0,1.0,1.0,26360
1289,3.0,"Thorneycroft, Mr. Percival",male,,1.0,0.0,376564
1126,2.0,"Yrois, Miss. Henriette (""Mrs Harbeck"")",female,24.0,0.0,0.0,248747
718,3.0,"Markoff, Mr. Marin",male,35.0,0.0,0.0,349213
282,3.0,"Rosblom, Mr. Viktor Richard",male,18.0,1.0,1.0,370129
96,3.0,"Goldsmith, Mrs. Frank John (Emily Alice Brown)",female,31.0,1.0,1.0,363291
957,2.0,"Banfield, Mr. Frederick James",male,28.0,0.0,0.0,C.A./SOTON 34068
635,1.0,"Behr, Mr. Karl Howell",male,26.0,0.0,0.0,111369
738,1.0,"Stengel, Mr. Charles Emil Henry",male,54.0,1.0,0.0,11778
499,2.0,"Milling, Mr. Jacob Christian",male,48.0,0.0,0.0,234360
74,3.0,"Matinoff, Mr. Nicola",male,,0.0,0.0,349255
89,1.0,"Williams-Lambert, Mr. Fletcher Fellows",male,,0.0,0.0,113510
984,1.0,"Snyder, Mrs. John Pillsbury (Nelle Stevenson)",female,23.0,1.0,0.0,21228
691,3.0,"Christmann, Mr. Emil",male,29.0,0.0,0.0,343276
1113,3.0,"Corn, Mr. Harry",male,30.0,0.0,0.0,SOTON/OQ 392090
0,3.0,"Hakkarainen, Mrs. Pekka Pietari (Elin Matilda Dolck)",female,24.0,1.0,0.0,STON/O2. 3101279
558,1.0,"Crosby, Miss. Harriet R",female,36.0,0.0,2.0,WE/P 5735
683,2.0,"Drew, Mrs. James Vivian (Lulu Thorne Christian)",female,34.0,1.0,1.0,28220
392,3.0,"Elsbury, Mr. William James",male,47.0,0.0,0.0,A/5 3902
476,3.0,"Lester, Mr. James",male,39.0,0.0,0.0,A/4 48871
1159,3.0,"Skoog, Mr. Wilhelm",male,40.0,1.0,4.0,347088
519,3.0,"Tomlin, Mr. Ernest Portage",male,30.5,0.0,0.0,364499
107,2.0,"Lingane, Mr. John",male,61.0,0.0,0.0,235509
347,3.0,"O'Keefe, Mr. Patrick",male,,0.0,0.0,368402
1101,3.0,"Barton, Mr. David John",male,22.0,0.0,0.0,324669
1029,3.0,"Whabee, Mrs. George Joseph (Shawneene Abi-Saab)",female,38.0,0.0,0.0,2688
223,3.0,"Thorneycroft, Mrs. Percival (Florence Kate White)",female,,1.0,0.0,376564
1304,3.0,"Dika, Mr. Mirko",male,17.0,0.0,0.0,349232
327,1.0,"Minahan, Miss. Daisy E",female,33.0,1.0,0.0,19928
870,3.0,"Sivola, Mr. Antti Wilhelm",male,21.0,0.0,0.0,STON/O 2. 3101280
102,3.0,"Cor, Mr. Liudevit",male,19.0,0.0,0.0,349231
1086,3.0,"Rice, Master. Eric",male,7.0,4.0,1.0,382652
620,2.0,"Gill, Mr. John William",male,24.0,0.0,0.0,233866
475,3.0,"Dooley, Mr. Patrick",male,32.0,0.0,0.0,370376
213,3.0,"Moor, Master. Meier",male,6.0,0.0,1.0,392096
707,2.0,"Levy, Mr. Rene Jacques",male,36.0,0.0,0.0,SC/Paris 2163
135,1.0,"Bidois, Miss. Rosalie",female,42.0,0.0,0.0,PC 17757
852,3.0,"Arnold-Franchi, Mr. Josef",male,25.0,1.0,0.0,349237
246,3.0,"McNeill, Miss. Bridget",female,,0.0,0.0,370368
1291,3.0,"Strom, Miss. Telma Matilda",female,2.0,0.0,1.0,347054
1083,1.0,"Warren, Mrs. Frank Manley (Anna Sophia Atkinson)",female,60.0,1.0,0.0,110813
1177,3.0,"Johnston, Miss. Catherine Helen ""Carrie""",female,,1.0,2.0,W./C. 6607
1032,3.0,"Peltomaki, Mr. Nikolai Johannes",male,25.0,0.0,0.0,STON/O 2. 3101291
1096,2.0,"Karnes, Mrs. J Frank (Claire Bennett)",female,22.0,0.0,0.0,F.C.C. 13534
1011,3.0,"Sheerlinck, Mr. Jan Baptist",male,29.0,0.0,0.0,345779
989,3.0,"Denkoff, Mr. Mitto",male,,0.0,0.0,349225
365,1.0,"Colley, Mr. Edward Pomeroy",male,47.0,0.0,0.0,5727
248,3.0,"O'Donoghue, Ms. Bridget",female,,0.0,0.0,364856
736,3.0,"Davies, Mr. Evan",male,22.0,0.0,0.0,SC/A4 23568
26,3.0,"Abbott, Mrs. Stanton (Rosa Hunt)",female,35.0,1.0,1.0,C.A. 2673
836,3.0,"Delalic, Mr. Redjo",male,25.0,0.0,0.0,349250
284,1.0,"Endres, Miss. Caroline Louise",female,38.0,0.0,0.0,PC 17757
417,1.0,"Astor, Col. John Jacob",male,47.0,1.0,0.0,PC 17757
913,1.0,"Stahelin-Maeglin, Dr. Max",male,32.0,0.0,0.0,13214
680,3.0,"Olsen, Mr. Henry Margido",male,28.0,0.0,0.0,C 4001
904,2.0,"Herman, Mr. Samuel",male,49.0,1.0,2.0,220845
3,1.0,"Lindstrom, Mrs. Carl Johan (Sigrid Posse)",female,55.0,0.0,0.0,112377
134,1.0,"Potter, Mrs. Thomas Jr (Lily Alexenia Wilson)",female,56.0,0.0,1.0,11767
837,3.0,"Hirvonen, Miss. Hildur E",female,2.0,0.0,1.0,3101298
355,3.0,"Larsson, Mr. Bengt Edvin",male,29.0,0.0,0.0,347067
292,3.0,"Ali, Mr. William",male,25.0,0.0,0.0,SOTON/O.Q. 3101312
698,2.0,"Chapman, Mr. Charles Henry",male,52.0,0.0,0.0,248731
1136,3.0,"Ford, Mr. Edward Watson",male,18.0,2.0,2.0,W./C. 6608
1116,3.0,"Tornquist, Mr. William Henry",male,25.0,0.0,0.0,LINE
1262,3.0,"Connors, Mr. Patrick",male,70.5,0.0,0.0,370369
906,3.0,"Asim, Mr. Adola",male,35.0,0.0,0.0,SOTON/O.Q. 3101310
897,1.0,"Appleton, Mrs. Edward Dale (Charlotte Lamson)",female,53.0,2.0,0.0,11769
1010,3.0,"Hansen, Mrs. Claus Peter (Jennie L Howard)",female,45.0,1.0,0.0,350026
228,1.0,"Compton, Mr. Alexander Taylor Jr",male,37.0,1.0,1.0,PC 17756
643,3.0,"Betros, Mr. Tannous",male,20.0,0.0,0.0,2648
225,1.0,"Warren, Mr. Frank Manley",male,64.0,1.0,0.0,110813
226,1.0,"Meyer, Mr. Edgar Joseph",male,28.0,1.0,0.0,PC 17604
842,3.0,"Ibrahim Shawah, Mr. Yousseff",male,30.0,0.0,0.0,2685
369,3.0,"Backstrom, Mrs. Karl Alfred (Maria Mathilda Gustafsson)",female,33.0,3.0,0.0,3101278
1185,2.0,"Sjostedt, Mr. Ernst Adolf",male,59.0,0.0,0.0,237442
844,3.0,"Vander Cruyssen, Mr. Victor",male,47.0,0.0,0.0,345765
339,1.0,"Frolicher-Stehli, Mrs. Maxmillian (Margaretha Emerentia Stehli)",female,48.0,1.0,1.0,13567
419,3.0,"Oreskovic, Miss. Marija",female,20.0,0.0,0.0,315096
1123,3.0,"Coelho, Mr. Domingos Fernandeo",male,20.0,0.0,0.0,SOTON/O.Q. 3101307
603,2.0,"Bystrom, Mrs. (Karolina)",female,42.0,0.0,0.0,236852
1180,3.0,"Skoog, Miss. Mabel",female,9.0,3.0,2.0,347088
265,1.0,"Futrelle, Mrs. Jacques Heath (Lily May Peel)",female,35.0,1.0,0.0,113803
454,1.0,"Fleming, Miss. Margaret",female,,0.0,0.0,17421
63,1.0,"Bishop, Mr. Dickinson H",male,25.0,1.0,0.0,11967
1127,3.0,"Olsen, Mr. Karl Siegwart Andreas",male,42.0,0.0,1.0,4579
1049,2.0,"Cameron, Miss. Clear Annie",female,35.0,0.0,0.0,F.C.C. 13528
360,1.0,"Maguire, Mr. John Edward",male,30.0,0.0,0.0,110469
237,3.0,"Johansson, Mr. Karl Johan",male,31.0,0.0,0.0,347063
650,3.0,"Masselmani, Mrs. Fatima",female,,0.0,0.0,2649
112,1.0,"Bjornstrom-Steffansson, Mr. Mauritz Hakan",male,28.0,0.0,0.0,110564
1239,1.0,"Omont, Mr. Alfred Fernand",male,,0.0,0.0,F.C. 12998
1088,2.0,"Nourney, Mr. Alfred (""Baron von Drachstedt"")",male,20.0,0.0,0.0,SC/PARIS 2166
532,1.0,"Marvin, Mr. Daniel Warner",male,19.0,1.0,0.0,113773
577,1.0,"Dodge, Master. Washington",male,4.0,0.0,2.0,33638
810,2.0,"Hickman, Mr. Stanley George",male,21.0,2.0,0.0,S.O.C. 14879
126,1.0,"Beckwith, Mrs. Richard Leonard (Sallie Monypeny)",female,47.0,1.0,1.0,11751
259,1.0,"Newell, Miss. Madeleine",female,31.0,1.0,0.0,35273
1074,1.0,"Smart, Mr. John Montgomery",male,56.0,0.0,0.0,113792
148,1.0,"Klaber, Mr. Herman",male,,0.0,0.0,113028
721,3.0,"Kassem, Mr. Fared",male,,0.0,0.0,2700
1038,2.0,"Beane, Mrs. Edward (Ethel Clarke)",female,19.0,1.0,0.0,2908
376,1.0,"Cairns, Mr. Alexander",male,,0.0,0.0,113798
851,2.0,"Turpin, Mr. William John Robert",male,29.0,1.0,0.0,11668
896,2.0,"Norman, Mr. Robert Douglas",male,28.0,0.0,0.0,218629
694,1.0,"Baxter, Mrs. James (Helene DeLaudeniere Chaput)",female,50.0,0.0,1.0,PC 17558
137,3.0,"Mineff, Mr. Ivan",male,24.0,0.0,0.0,349233
1057,2.0,"Herman, Miss. Alice",female,24.0,1.0,2.0,220845
7,3.0,"Johnston, Mr. Andrew G",male,,1.0,2.0,W./C. 6607
502,3.0,"Moran, Mr. James",male,,0.0,0.0,330877
854,2.0,"Fox, Mr. Stanley Hubert",male,36.0,0.0,0.0,229236
631,2.0,"Wells, Mrs. Arthur Henry (""Addie"" Dart Trevaskis)",female,29.0,0.0,2.0,29103
1120,3.0,"Kink, Mr. Vincenz",male,26.0,2.0,0.0,315151
371,3.0,"Nilsson, Miss. Helmina Josefina",female,26.0,0.0,0.0,347470
929,2.0,"Giles, Mr. Frederick Edward",male,21.0,1.0,0.0,28134
29,3.0,"Ford, Miss. Doolina Margaret ""Daisy""",female,21.0,2.0,2.0,W./C. 6608
411,1.0,"Bonnell, Miss. Elizabeth",female,58.0,0.0,0.0,113783
407,3.0,"Arnold-Franchi, Mrs. Josef (Josefine Franchi)",female,18.0,1.0,0.0,349237
1276,3.0,"Bradley, Miss. Bridget Delia",female,22.0,0.0,0.0,334914
357,1.0,"Hassab, Mr. Hammad",male,27.0,0.0,0.0,PC 17572
353,3.0,"Johanson, Mr. Jakob Alfred",male,34.0,0.0,0.0,3101264
788,3.0,"Landergren, Miss. Aurora Adelia",female,22.0,0.0,0.0,C 7077
153,1.0,"Wilson, Miss. Helen Alice",female,31.0,0.0,0.0,16966
566,3.0,"Mardirosian, Mr. Sarkis",male,,0.0,0.0,2655
542,2.0,"Gaskell, Mr. Alfred",male,16.0,0.0,0.0,239865
343,3.0,"Rommetvedt, Mr. Knud Paust",male,,0.0,0.0,312993
305,3.0,"Peacock, Master. Alfred Edward",male,0.75,1.0,1.0,SOTON/O.Q. 3101315
612,3.0,"Farrell, Mr. James",male,40.5,0.0,0.0,367232
4,3.0,"Franklin, Mr. Charles (Charles Fardon)",male,,0.0,0.0,SOTON/O.Q. 3101314
280,1.0,"Carrau, Mr. Jose Pedro",male,17.0,0.0,0.0,113059
1121,1.0,"Dick, Mrs. Albert Adrian (Vera Gillespie)",female,17.0,1.0,0.0,17474
1230,1.0,"Goldenberg, Mrs. Samuel L (Edwiga Grabowska)",female,,1.0,0.0,17453
1267,1.0,"Evans, Miss. Edith Corse",female,36.0,0.0,0.0,PC 17531
56,1.0,"Mayne, Mlle. Berthe Antonine (""Mrs de Villiers"")",female,24.0,0.0,0.0,PC 17482
400,1.0,"Birnbaum, Mr. Jakob",male,25.0,0.0,0.0,13905
572,2.0,"Chapman, Mrs. John Henry (Sara Elizabeth Lawry)",female,29.0,1.0,0.0,SC/AH 29037
962,2.0,"Clarke, Mrs. Charles V (Ada Maria Winfield)",female,28.0,1.0,0.0,2003
473,3.0,"Harknett, Miss. Alice Phoebe",female,,0.0,0.0,W./C. 6609
468,2.0,"Hosono, Mr. Masabumi",male,42.0,0.0,0.0,237798
1044,2.0,"Turpin, Mrs. William John Robert (Dorothy Ann Wonnacott)",female,27.0,1.0,0.0,11668
1058,2.0,"Angle, Mrs. William A (Florence ""Mary"" Agnes Hughes)",female,36.0,1.0,0.0,226875
1238,2.0,"Mudd, Mr. Thomas Charles",male,16.0,0.0,0.0,S.O./P.P. 3
1018,3.0,"Guest, Mr. Robert",male,,0.0,0.0,376563
776,1.0,"Cherry, Miss. Gladys",female,30.0,0.0,0.0,110152
847,1.0,"Greenfield, Mr. William Bertram",male,23.0,0.0,1.0,PC 17759
504,1.0,"Guggenheim, Mr. Benjamin",male,46.0,0.0,0.0,PC 17593
534,1.0,"Candee, Mrs. Edward (Helen Churchill Hungerford)",female,53.0,0.0,0.0,PC 17606
720,1.0,"Harris, Mr. Henry Birkhardt",male,45.0,1.0,0.0,36973
903,1.0,"Peuchen, Major. Arthur Godfrey",male,52.0,0.0,0.0,113786
13,2.0,"Bateman, Rev. Robert James",male,51.0,0.0,0.0,S.O.P. 1166
648,3.0,"Novel, Mr. Mansouer",male,28.5,0.0,0.0,2697
679,3.0,"Elias, Mr. Tannous",male,15.0,1.0,1.0,2695
550,2.0,"Maybery, Mr. Frank Hubert",male,40.0,0.0,0.0,239059
838,3.0,"Warren, Mr. Charles William",male,,0.0,0.0,C.A. 49867
1163,2.0,"Kantor, Mr. Sinai",male,34.0,1.0,0.0,244367
781,2.0,"Ball, Mrs. (Ada E Hall)",female,36.0,0.0,0.0,28551
300,3.0,"Skoog, Master. Karl Thorsten",male,10.0,3.0,2.0,347088
1062,2.0,"Bentham, Miss. Lilian W",female,19.0,0.0,0.0,28404
1055,3.0,"Connolly, Miss. Kate",female,22.0,0.0,0.0,370373
945,3.0,"Braund, Mr. Lewis Richard",male,29.0,1.0,0.0,3460
570,3.0,"Peacock, Miss. Treasteall",female,3.0,1.0,1.0,SOTON/O.Q. 3101315
163,3.0,"Pickard, Mr. Berk (Berk Trembisky)",male,32.0,0.0,0.0,SOTON/O.Q. 392078
636,3.0,"Moen, Mr. Sigurd Hansen",male,25.0,0.0,0.0,348123
666,3.0,"Johansson, Mr. Nils",male,29.0,0.0,0.0,347467
336,1.0,"Ismay, Mr. Joseph Bruce",male,49.0,0.0,0.0,112058
59,1.0,"White, Mr. Percival Wayland",male,54.0,0.0,1.0,35281
1175,3.0,"Madigan, Miss. Margaret ""Maggie""",female,,0.0,0.0,370370
1219,3.0,"Birkeland, Mr. Hans Martin Monsen",male,21.0,0.0,0.0,312992
53,2.0,"Quick, Mrs. Frederick Charles (Jane Richards)",female,33.0,0.0,2.0,26360
490,1.0,"Fortune, Mr. Mark",male,64.0,1.0,4.0,19950
326,3.0,"Wirz, Mr. Albert",male,27.0,0.0,0.0,315154
449,1.0,"Baumann, Mr. John D",male,,0.0,0.0,PC 17318
855,1.0,"Ryerson, Miss. Susan Parker ""Suzette""",female,21.0,2.0,2.0,PC 17608
1025,2.0,"Sedgwick, Mr. Charles Frederick Waddington",male,25.0,0.0,0.0,244361
1016,1.0,"Ringhini, Mr. Sante",male,22.0,0.0,0.0,PC 17760
1107,1.0,"Davidson, Mr. Thornton",male,31.0,1.0,0.0,F.C. 12750
823,1.0,"Beckwith, Mr. Richard Leonard",male,37.0,1.0,1.0,11751
939,2.0,"Beauchamp, Mr. Henry James",male,28.0,0.0,0.0,244358
826,1.0,"Longley, Miss. Gretchen Fiske",female,21.0,0.0,0.0,13502
437,1.0,"Douglas, Mrs. Walter Donald (Mahala Dutton)",female,48.0,1.0,0.0,PC 17761
670,2.0,"Laroche, Miss. Louise",female,1.0,1.0,2.0,SC/Paris 2123
563,2.0,"Garside, Miss. Ethel",female,34.0,0.0,0.0,243880
1097,3.0,"Lane, Mr. Patrick",male,,0.0,0.0,7935
1225,3.0,"Turja, Miss. Anna Sofia",female,18.0,0.0,0.0,4138
786,3.0,"Gheorgheff, Mr. Stanio",male,,0.0,0.0,349254
873,3.0,"Lang, Mr. Fang",male,26.0,0.0,0.0,1601
1283,2.0,"Givard, Mr. Hans Kristensen",male,30.0,0.0,0.0,250646
819,3.0,"Moubarek, Mrs. George (Omine ""Amenia"" Alexander)",female,,0.0,2.0,2661
219,3.0,"Hagland, Mr. Konrad Mathias Reiersen",male,,1.0,0.0,65304
1196,3.0,"Wilkes, Mrs. James (Ellen Needs)",female,47.0,1.0,0.0,363272
1006,3.0,"McGovern, Miss. Mary",female,,0.0,0.0,330931
820,1.0,"Earnshaw, Mrs. Boulton (Olive Potter)",female,23.0,0.0,1.0,11767
586,3.0,"Andersen, Mr. Albert Karvin",male,32.0,0.0,0.0,C 4001
941,2.0,"Watt, Miss. Bertha J",female,12.0,0.0,0.0,C.A. 33595
348,2.0,"Giles, Mr. Ralph",male,24.0,0.0,0.0,248726
1236,3.0,"Kink-Heilmann, Mrs. Anton (Luise Heilmann)",female,26.0,1.0,1.0,315153
463,1.0,"White, Mrs. John Stuart (Ella Holmes)",female,55.0,0.0,0.0,PC 17760
1220,3.0,"Sirayanian, Mr. Orsen",male,22.0,0.0,0.0,2669
653,3.0,"Hanna, Mr. Mansour",male,23.5,0.0,0.0,2693
573,3.0,"McGowan, Miss. Anna ""Annie""",female,15.0,0.0,0.0,330923
647,1.0,"Hoyt, Mr. Frederick Maxfield",male,38.0,1.0,0.0,19943
595,2.0,"Andrew, Mr. Frank Thomas",male,25.0,0.0,0.0,C.A. 34050
890,3.0,"Peter, Mrs. Catherine (Catherine Rizk)",female,,0.0,2.0,2668
470,1.0,"Rosenshine, Mr. George (""Mr George Thorne"")",male,46.0,0.0,0.0,PC 17585
800,1.0,"Van der hoef, Mr. Wyckoff",male,61.0,0.0,0.0,111240
281,1.0,"Crafton, Mr. John Bertram",male,,0.0,0.0,113791
932,1.0,"Chibnall, Mrs. (Edith Martha Bowerman)",female,,0.0,1.0,113505
732,3.0,"Mockler, Miss. Helen Mary ""Ellie""",female,,0.0,0.0,330980
715,1.0,"Wick, Miss. Mary Natalie",female,31.0,0.0,2.0,36928
832,2.0,"Toomey, Miss. Ellen",female,50.0,0.0,0.0,F.C.C. 13531
951,3.0,"Lennon, Mr. Denis",male,,1.0,0.0,370371
1037,3.0,"Green, Mr. George Henry",male,51.0,0.0,0.0,21440
455,3.0,"Rice, Master. Albert",male,10.0,4.0,1.0,382652
584,3.0,"Baclini, Miss. Eugenie",female,0.75,2.0,1.0,2666
147,2.0,"Lemore, Mrs. (Amelia Milley)",female,34.0,0.0,0.0,C.A. 34260
160,3.0,"Ilmakangas, Miss. Ida Livija",female,27.0,1.0,0.0,STON/O2. 3101270
750,1.0,"Stephenson, Mrs. Walter Bertram (Martha Eustis)",female,52.0,1.0,0.0,36947
859,2.0,"Rogers, Mr. Reginald Harry",male,19.0,0.0,0.0,28004
952,2.0,"Cotterill, Mr. Henry ""Harry""",male,21.0,0.0,0.0,29107
1301,1.0,"Allen, Miss. Elisabeth Walton",female,29.0,0.0,0.0,24160
628,3.0,"Ford, Mr. Arthur",male,,0.0,0.0,A/5 1478
606,3.0,"Henry, Miss. Delia",female,,0.0,0.0,382649
164,3.0,"Gilnagh, Miss. Katherine ""Katie""",female,16.0,0.0,0.0,35851
106,1.0,"Andrews, Miss. Kornelia Theodosia",female,63.0,1.0,0.0,13502
1040,3.0,"Yousif, Mr. Wazli",male,,0.0,0.0,2647
617,3.0,"Andersson, Mr. Johan Samuel",male,26.0,0.0,0.0,347075
1091,1.0,"Goldschmidt, Mr. George B",male,71.0,0.0,0.0,PC 17754
329,3.0,"Alexander, Mr. William",male,26.0,0.0,0.0,3474
480,1.0,"Madill, Miss. Georgette Alexandra",female,15.0,0.0,1.0,24160
498,3.0,"Nysveen, Mr. Johan Hansen",male,61.0,0.0,0.0,345364
1214,2.0,"Jacobsohn, Mr. Sidney Samuel",male,42.0,1.0,0.0,243847
93,3.0,"Murphy, Miss. Margaret Jane",female,,1.0,0.0,367230
809,2.0,"Nasser, Mr. Nicholas",male,32.5,1.0,0.0,237736
433,3.0,"Wiklund, Mr. Jakob Alfred",male,18.0,1.0,0.0,3101267
43,3.0,"O'Connor, Mr. Patrick",male,,0.0,0.0,366713
860,3.0,"Slabenoff, Mr. Petco",male,,0.0,0.0,349214
1144,3.0,"Celotti, Mr. Francesco",male,24.0,0.0,0.0,343275
967,1.0,"Compton, Miss. Sara Rebecca",female,39.0,1.0,1.0,PC 17756
710,3.0,"Vander Planke, Mr. Leo Edmondus",male,16.0,2.0,0.0,345764
1277,3.0,"O'Brien, Mrs. Thomas (Johanna ""Hannah"" Godfrey)",female,,1.0,0.0,370365
1246,2.0,"Schmidt, Mr. August",male,26.0,0.0,0.0,248659
765,3.0,"Hendekovic, Mr. Ignjac",male,28.0,0.0,0.0,349243
885,3.0,"Stanley, Mr. Edward Roland",male,21.0,0.0,0.0,A/4 45380
556,1.0,"Tucker, Mr. Gilbert Milligan Jr",male,31.0,0.0,0.0,2543
1243,1.0,"Icard, Miss. Amelie",female,38.0,0.0,0.0,113572
69,3.0,"Hart, Mr. Henry",male,,0.0,0.0,394140
514,1.0,"Aubart, Mme. Leontine Pauline",female,24.0,0.0,0.0,PC 17477
509,2.0,"Jerwan, Mrs. Amin S (Marie Marthe Thuillard)",female,23.0,0.0,0.0,SC/AH Basle 541
340,2.0,"Fynney, Mr. Joseph J",male,35.0,0.0,0.0,239865
221,1.0,"Schabert, Mrs. Paul (Emma Mock)",female,35.0,1.0,0.0,13236
146,3.0,"Vander Planke, Mrs. Julius (Emelia Maria Vandemoortele)",female,31.0,1.0,0.0,345763
1053,1.0,"Lindeberg-Lind, Mr. Erik Gustaf (""Mr Edward Lingrey"")",male,42.0,0.0,0.0,17475
803,3.0,"Shaughnessy, Mr. Patrick",male,,0.0,0.0,370374
508,1.0,"Head, Mr. Christopher",male,42.0,0.0,0.0,113038
1169,1.0,"Carter, Master. William Thornton II",male,11.0,1.0,2.0,113760
176,1.0,"Brandeis, Mr. Emil",male,48.0,0.0,0.0,PC 17591
804,3.0,"Vande Velde, Mr. Johannes Joseph",male,33.0,0.0,0.0,345780
168,3.0,"Coxon, Mr. Daniel",male,59.0,0.0,0.0,364500
1131,2.0,"Greenberg, Mr. Samuel",male,52.0,0.0,0.0,250647
1199,3.0,"Nakid, Mrs. Said (Waika ""Mary"" Mowad)",female,19.0,1.0,1.0,2653
129,3.0,"Hedman, Mr. Oskar Arvid",male,27.0,0.0,0.0,347089
189,1.0,"Graham, Miss. Margaret Edith",female,19.0,0.0,0.0,112053
136,1.0,"Simonius-Blumer, Col. Oberst Alfons",male,56.0,0.0,0.0,13213
894,3.0,"de Messemaeker, Mr. Guillaume Joseph",male,36.5,1.0,0.0,345572
197,3.0,"Danbom, Mrs. Ernst Gilbert (Anna Sigrid Maria Brogren)",female,28.0,1.0,1.0,347080
290,3.0,"Nilsson, Mr. August Ferdinand",male,21.0,0.0,0.0,350410
36,3.0,"Nysten, Miss. Anna Sofia",female,22.0,0.0,0.0,347081
767,1.0,"Allison, Master. Hudson Trevor",male,0.9167,1.0,2.0,113781
232,1.0,"Williams, Mr. Richard Norris II",male,21.0,0.0,1.0,PC 17597
645,3.0,"Assam, Mr. Ali",male,23.0,0.0,0.0,SOTON/O.Q. 3101309
33,3.0,"Honkanen, Miss. Eliina",female,27.0,0.0,0.0,STON/O2. 3101283
1264,3.0,"Burns, Miss. Mary Delia",female,18.0,0.0,0.0,330963
1068,2.0,"Hocking, Miss. Ellen ""Nellie""",female,20.0,2.0,1.0,29105
865,3.0,"Eklund, Mr. Hans Linus",male,16.0,0.0,0.0,347074
341,1.0,"Lines, Mrs. Ernest H (Elizabeth Lindsey James)",female,51.0,0.0,1.0,PC 17592
1085,1.0,"Dulles, Mr. William Crothers",male,39.0,0.0,0.0,PC 17580
199,3.0,"Riordan, Miss. Johanna ""Hannah""",female,,0.0,0.0,334915
429,3.0,"Asplund, Mr. Johan Charles",male,23.0,0.0,0.0,350054
1290,3.0,"Mionoff, Mr. Stoytcho",male,28.0,0.0,0.0,349207
876,3.0,"de Pelsmaeker, Mr. Alfons",male,16.0,0.0,0.0,345778
730,3.0,"Jansson, Mr. Carl Olof",male,21.0,0.0,0.0,350034
919,2.0,"McKane, Mr. Peter David",male,46.0,0.0,0.0,28403
297,2.0,"Davies, Mr. Charles Henry",male,18.0,0.0,0.0,S.O.C. 14879
73,3.0,"Peters, Miss. Katie",female,,0.0,0.0,330935
807,3.0,"Attalah, Miss. Malake",female,17.0,0.0,0.0,2627
547,2.0,"Wells, Miss. Joan",female,4.0,1.0,1.0,29103
949,2.0,"Bryhl, Mr. Kurt Arnold Gottfrid",male,25.0,1.0,0.0,236853
1186,3.0,"Gustafsson, Mr. Anders Vilhelm",male,37.0,2.0,0.0,3101276
821,3.0,"Hakkarainen, Mr. Pekka Pietari",male,28.0,1.0,0.0,STON/O2. 3101279
663,3.0,"Carr, Miss. Jeannie",female,37.0,0.0,0.0,368364
1176,2.0,"Meyer, Mr. August",male,39.0,0.0,0.0,248723
623,1.0,"Carter, Mr. William Ernest",male,36.0,1.0,2.0,113760
212,3.0,"Klasen, Mrs. (Hulda Kristina Eugenia Lofqvist)",female,36.0,0.0,2.0,350405
1035,2.0,"Hiltunen, Miss. Marta",female,18.0,1.0,1.0,250650
1184,2.0,"Botsford, Mr. William Hull",male,26.0,0.0,0.0,237670
1211,1.0,"Cardeza, Mrs. James Warburton Martinez (Charlotte Wardle Drake)",female,58.0,0.0,1.0,PC 17755
727,3.0,"Jussila, Miss. Mari Aina",female,21.0,1.0,0.0,4137
701,2.0,"Butler, Mr. Reginald Fenton",male,25.0,0.0,0.0,234686
1022,1.0,"Lewy, Mr. Ervin G",male,,0.0,0.0,PC 17612
1251,3.0,"Thomas, Mr. Charles P",male,,1.0,0.0,2621
234,3.0,"Katavelas, Mr. Vassilios (""Catavelas Vassilios"")",male,18.5,0.0,0.0,2682
1007,3.0,"Svensson, Mr. Johan",male,74.0,0.0,0.0,347060
978,2.0,"Mellinger, Mrs. (Elizabeth Anne Maidment)",female,41.0,0.0,1.0,250644
67,1.0,"Chevre, Mr. Paul Romaine",male,45.0,0.0,0.0,PC 17594
24,3.0,"Berglund, Mr. Karl Ivar Sven",male,22.0,0.0,0.0,PP 4348
216,1.0,"Snyder, Mr. John Pillsbury",male,24.0,1.0,0.0,21228
812,2.0,"Lahtinen, Mrs. William (Anna Sylfven)",female,26.0,1.0,1.0,250651
735,3.0,"Lobb, Mrs. William Arthur (Cordelia K Stanlick)",female,26.0,1.0,0.0,A/5. 3336
111,1.0,"Futrelle, Mr. Jacques Heath",male,37.0,1.0,0.0,113803
166,1.0,"Newsom, Miss. Helen Monypeny",female,19.0,0.0,2.0,11752
1249,3.0,"Lovell, Mr. John Hall (""Henry"")",male,20.5,0.0,0.0,A/5 21173
207,2.0,"Renouf, Mrs. Peter Henry (Lillian Jefferys)",female,30.0,3.0,0.0,31027
274,1.0,"Woolner, Mr. Hugh",male,,0.0,0.0,19947
41,3.0,"Petranec, Miss. Matilda",female,28.0,0.0,0.0,349245
591,2.0,"Wright, Miss. Marion",female,26.0,0.0,0.0,220844
525,1.0,"Greenfield, Mrs. Leo David (Blanche Strouse)",female,45.0,0.0,1.0,PC 17759
287,3.0,"Hagland, Mr. Ingvald Olai Olsen",male,,1.0,0.0,65303
469,1.0,"Isham, Miss. Ann Elizabeth",female,50.0,0.0,0.0,PC 17595
121,3.0,"Andreasson, Mr. Paul Edvin",male,20.0,0.0,0.0,347466
1305,3.0,"Jensen, Mr. Svend Lauritz",male,17.0,1.0,0.0,350048
928,2.0,"Quick, Miss. Phyllis May",female,2.0,1.0,1.0,26360
673,2.0,"Troupiansky, Mr. Moses Aaron",male,23.0,0.0,0.0,233639
1141,2.0,"Jefferys, Mr. Clifford Thomas",male,24.0,2.0,0.0,C.A. 31029
886,2.0,"Corey, Mrs. Percy C (Mary Phyllis Elizabeth Miller)",female,,0.0,0.0,F.C.C. 13534
956,3.0,"Roth, Miss. Sarah A",female,,0.0,0.0,342712
25,2.0,"Pulbaum, Mr. Franz",male,27.0,0.0,0.0,SC/PARIS 2168
1134,1.0,"Kenyon, Mr. Frederick R",male,41.0,1.0,0.0,17464
149,3.0,"Peter, Master. Michael J",male,,1.0,1.0,2668
925,3.0,"Devaney, Miss. Margaret Delia",female,19.0,0.0,0.0,330958
696,1.0,"Rothschild, Mrs. Martin (Elizabeth L. Barrett)",female,54.0,1.0,0.0,PC 17603
843,3.0,"Buckley, Miss. Katherine",female,18.5,0.0,0.0,329944
889,3.0,"Spinner, Mr. Henry John",male,32.0,0.0,0.0,STON/OQ. 369943
598,3.0,"Sage, Mr. George John Jr",male,,8.0,2.0,CA. 2343
1020,2.0,"Hewlett, Mrs. (Mary D Kingcome) ",female,55.0,0.0,0.0,248706
139,3.0,"Boulos, Master. Akar",male,6.0,1.0,1.0,2678
749,3.0,"Paulner, Mr. Uscher",male,,0.0,0.0,3411
1004,3.0,"Dean, Mr. Bertram Frank",male,26.0,1.0,2.0,C.A. 2315
323,2.0,"Hamalainen, Mrs. William (Anna)",female,24.0,0.0,2.0,250649
180,2.0,"Pengelly, Mr. Frederick William",male,19.0,0.0,0.0,28665
450,3.0,"Ali, Mr. Ahmed",male,24.0,0.0,0.0,SOTON/O.Q. 3101311
607,3.0,"Leeni, Mr. Fahim (""Philip Zenni"")",male,22.0,0.0,0.0,2620
1043,3.0,"Dorking, Mr. Edward Arthur",male,19.0,0.0,0.0,A/5. 10482
296,3.0,"Moss, Mr. Albert Johan",male,,0.0,0.0,312991
94,3.0,"Sjoblom, Miss. Anna Sofia",female,18.0,0.0,0.0,3101265
1187,1.0,"Robbins, Mr. Victor",male,,0.0,0.0,PC 17757
637,3.0,"Culumovic, Mr. Jeso",male,17.0,0.0,0.0,315090
286,3.0,"Asplund, Mrs. Carl Oscar (Selma Augusta Emilia Johansson)",female,38.0,1.0,5.0,347077
488,3.0,"Mahon, Miss. Bridget Delia",female,,0.0,0.0,330924
444,1.0,"Daly, Mr. Peter Denis ",male,51.0,0.0,0.0,113055
275,1.0,"Maioni, Miss. Roberta",female,16.0,0.0,0.0,110152
806,3.0,"Kelly, Miss. Anna Katherine ""Annie Kate""",female,,0.0,0.0,9234
1152,2.0,"Louch, Mr. Charles Alexander",male,50.0,1.0,0.0,SC/AH 3085
32,3.0,"Scanlan, Mr. James",male,,0.0,0.0,36209
1104,3.0,"Caram, Mr. Joseph",male,,1.0,0.0,2689
307,2.0,"Jenkin, Mr. Stephen Curnow",male,32.0,0.0,0.0,C.A. 33111
770,2.0,"McCrae, Mr. Arthur Gordon",male,32.0,0.0,0.0,237216
11,3.0,"Drapkin, Miss. Jennie",female,23.0,0.0,0.0,SOTON/OQ 392083
872,3.0,"Goodwin, Mr. Charles Edward",male,14.0,5.0,2.0,CA 2144
1067,2.0,"Hart, Miss. Eva Miriam",female,7.0,0.0,2.0,F.C.C. 13529
86,3.0,"Lindblom, Miss. Augusta Charlotta",female,45.0,0.0,0.0,347073
778,1.0,"Jones, Mr. Charles Cresson",male,46.0,0.0,0.0,694
1060,2.0,"Abelson, Mr. Samuel",male,30.0,1.0,0.0,P/PP 3381
1298,3.0,"Angheloff, Mr. Minko",male,26.0,0.0,0.0,349202
1082,1.0,"Perreault, Miss. Anne",female,30.0,0.0,0.0,12749
1065,3.0,"Morley, Mr. William",male,34.0,0.0,0.0,364506
782,3.0,"Somerton, Mr. Francis William",male,30.0,0.0,0.0,A.5. 18509
562,2.0,"Jefferys, Mr. Ernest Wilfred",male,22.0,2.0,0.0,C.A. 31029
209,3.0,"Aks, Master. Philip Frank",male,0.8333,0.0,1.0,392091
1172,2.0,"Sharp, Mr. Percival James R",male,27.0,0.0,0.0,244358
739,3.0,"Vartanian, Mr. David",male,22.0,0.0,0.0,2658
594,2.0,"West, Mr. Edwy Arthur",male,36.0,1.0,2.0,C.A. 34651
123,3.0,"Mahon, Mr. John",male,,0.0,0.0,AQ/4 3130
734,1.0,"Stead, Mr. William Thomas",male,62.0,0.0,0.0,113514
931,3.0,"Johnston, Mrs. Andrew G (Elizabeth ""Lily"" Watson)",female,,1.0,2.0,W./C. 6607
98,2.0,"Duran y More, Miss. Florentina",female,30.0,1.0,0.0,SC/PARIS 2148
377,3.0,"Dimic, Mr. Jovan",male,42.0,0.0,0.0,315088
130,3.0,"Pasic, Mr. Jakob",male,21.0,0.0,0.0,315097
23,3.0,"O'Connor, Mr. Maurice",male,,0.0,0.0,371060
1229,3.0,"Barbara, Mrs. (Catherine David)",female,45.0,0.0,1.0,2691
555,2.0,"Richards, Master. William Rowe",male,3.0,1.0,1.0,29106
370,1.0,"Andrews, Mr. Thomas Jr",male,39.0,0.0,0.0,112050
383,3.0,"McCormack, Mr. Thomas Joseph",male,,0.0,0.0,367228
201,3.0,"Ling, Mr. Lee",male,28.0,0.0,0.0,1601
917,3.0,"Meo, Mr. Alfonzo",male,55.5,0.0,0.0,A.5. 11206
368,1.0,"Julian, Mr. Henry Forbes",male,50.0,0.0,0.0,113044
973,3.0,"Sage, Master. Thomas Henry",male,,8.0,2.0,CA. 2343
387,3.0,"Canavan, Mr. Patrick",male,21.0,0.0,0.0,364858
816,3.0,"Jussila, Mr. Eiriik",male,32.0,0.0,0.0,STON/O 2. 3101286
256,3.0,"Murphy, Miss. Katherine ""Kate""",female,,1.0,0.0,367230
1221,2.0,"Nesson, Mr. Israel",male,26.0,0.0,0.0,244368
1119,3.0,"Gilinski, Mr. Eliezer",male,22.0,0.0,0.0,14973
169,3.0,"Chronopoulos, Mr. Demetrios",male,18.0,1.0,0.0,2680
560,3.0,"Heininen, Miss. Wendla Maria",female,23.0,0.0,0.0,STON/O2. 3101290
373,1.0,"Foreman, Mr. Benjamin Laventall",male,30.0,0.0,0.0,113051
909,1.0,"Rothschild, Mr. Martin",male,55.0,1.0,0.0,PC 17603
719,1.0,"Moore, Mr. Clarence Bloomfield",male,47.0,0.0,0.0,113796
791,3.0,"Chronopoulos, Mr. Apostolos",male,26.0,1.0,0.0,2680
954,1.0,"McCarthy, Mr. Timothy J",male,54.0,0.0,0.0,17463
1167,1.0,"Chambers, Mr. Norman Campbell",male,27.0,1.0,0.0,113806
1204,2.0,"Keane, Miss. Nora A",female,,0.0,0.0,226593
868,2.0,"Wheadon, Mr. Edward H",male,66.0,0.0,0.0,C.A. 24579
972,3.0,"Johnson, Mrs. Oscar W (Elisabeth Vilhelmina Berg)",female,27.0,0.0,2.0,347742
1155,2.0,"Swane, Mr. George",male,18.5,0.0,0.0,248734
1275,3.0,"Toufik, Mr. Nakli",male,,0.0,0.0,2641
1071,3.0,"Stranden, Mr. Juho",male,31.0,0.0,0.0,STON/O 2. 3101288
964,2.0,"Gilbert, Mr. William",male,47.0,0.0,0.0,C.A. 30769
774,3.0,"Ohman, Miss. Velin",female,22.0,0.0,0.0,347085
324,3.0,"Naughton, Miss. Hannah",female,,0.0,0.0,365237
203,2.0,"Gale, Mr. Shadrach",male,34.0,1.0,0.0,28664
84,2.0,"Becker, Miss. Marion Louise",female,4.0,2.0,1.0,230136
633,3.0,"Miles, Mr. Frank",male,,0.0,0.0,359306
908,3.0,"Niskanen, Mr. Juha",male,39.0,0.0,0.0,STON/O 2. 3101289
611,2.0,"Harbeck, Mr. William H",male,44.0,0.0,0.0,248746
398,2.0,"Harper, Rev. John",male,28.0,0.0,1.0,248727
91,1.0,"Newell, Miss. Marjorie",female,23.0,1.0,0.0,35273
1106,3.0,"Lefebre, Mrs. Frank (Frances)",female,,0.0,4.0,4133
430,2.0,"Bryhl, Miss. Dagmar Jenny Ingeborg ",female,20.0,1.0,0.0,236853
779,2.0,"Keane, Mr. Daniel",male,35.0,0.0,0.0,233734
1143,1.0,"Compton, Mrs. Alexander Taylor (Mary Eliza Ingersoll)",female,64.0,0.0,2.0,PC 17756
291,3.0,"Nieminen, Miss. Manta Josefina",female,29.0,0.0,0.0,3101297
57,3.0,"Cohen, Mr. Gurshon ""Gus""",male,18.0,0.0,0.0,A/5 3540
257,3.0,"Lam, Mr. Len",male,,0.0,0.0,1601
888,2.0,"Navratil, Mr. Michel (""Louis M Hoffman"")",male,36.5,0.0,2.0,230080
1273,3.0,"Bjorklund, Mr. Ernst Herbert",male,18.0,0.0,0.0,347090
1066,1.0,"Taylor, Mrs. Elmer Zebley (Juliet Cummins Wright)",female,,1.0,0.0,19996
388,2.0,"Oxenham, Mr. Percy Thomas",male,22.0,0.0,0.0,W./C. 14260
335,3.0,"Backstrom, Mr. Karl Alfred",male,32.0,1.0,0.0,3101278
273,1.0,"Kreuchen, Miss. Emilie",female,39.0,0.0,0.0,24160
756,3.0,"Pekoniemi, Mr. Edvard",male,21.0,0.0,0.0,STON/O 2. 3101294
1077,3.0,"Johansson, Mr. Gustaf Joel",male,33.0,0.0,0.0,7540
1263,3.0,"Meek, Mrs. Thomas (Annie Louise Rowley)",female,,0.0,0.0,343095
128,3.0,"Mamee, Mr. Hanna",male,,0.0,0.0,2677
802,3.0,"Johnson, Master. Harold Theodor",male,4.0,1.0,1.0,347742
28,2.0,"Sinkkonen, Miss. Anna",female,30.0,0.0,0.0,250648
1207,3.0,"Saad, Mr. Amin",male,,0.0,0.0,2671
882,1.0,"Spencer, Mrs. William Augustus (Marie Eugenie)",female,,1.0,0.0,PC 17569
510,3.0,"Morrow, Mr. Thomas Rowan",male,,0.0,0.0,372622
675,2.0,"Walcroft, Miss. Nellie",female,31.0,0.0,0.0,F.C.C. 13528
151,1.0,"Dodge, Mrs. Washington (Ruth Vidaver)",female,54.0,1.0,1.0,33638
244,3.0,"Sivic, Mr. Husein",male,40.0,0.0,0.0,349251
714,1.0,"Hoyt, Mrs. Frederick Maxfield (Jane Anne Forby)",female,35.0,1.0,0.0,19943
543,3.0,"Sadlier, Mr. Matthew",male,,0.0,0.0,367655
544,2.0,"Portaluppi, Mr. Emilio Ilario Giuseppe",male,30.0,0.0,0.0,C.A. 34644
639,1.0,"Clifford, Mr. George Quincy",male,,0.0,0.0,110465
697,3.0,"Sadowitz, Mr. Harry",male,,0.0,0.0,LP 1588
423,3.0,"Coutts, Master. Eden Leslie ""Neville""",male,9.0,1.0,1.0,C.A. 37671
910,2.0,"Montvila, Rev. Juozas",male,27.0,0.0,0.0,211536
1171,3.0,"MacKay, Mr. George William",male,,0.0,0.0,C.A. 42795
659,3.0,"Soholt, Mr. Peter Andreas Lauritz Andersen",male,19.0,0.0,0.0,348124
797,3.0,"Jensen, Mr. Hans Peder",male,20.0,0.0,0.0,350050
1287,2.0,"Bowenur, Mr. Solomon",male,42.0,0.0,0.0,211535
1201,3.0,"Rice, Mrs. William (Margaret Norton)",female,39.0,0.0,5.0,382652
99,3.0,"Ilieff, Mr. Ylio",male,,0.0,0.0,349220
850,1.0,"Walker, Mr. William Anderson",male,47.0,0.0,0.0,36967
448,3.0,"Sawyer, Mr. Frederick Charles",male,24.5,0.0,0.0,342826
755,1.0,"Hays, Mrs. Charles Melville (Clara Jennings Gregg)",female,52.0,1.0,1.0,12749
976,3.0,"Reed, Mr. James George",male,,0.0,0.0,362316
115,3.0,"Kalvik, Mr. Johannes Halvorsen",male,21.0,0.0,0.0,8475
777,3.0,"Thomson, Mr. Alexander Morrison",male,,0.0,0.0,32302
72,3.0,"Jardin, Mr. Jose Neto",male,,0.0,0.0,SOTON/O.Q. 3101305
845,3.0,"Moubarek, Master. Halim Gonios (""William George"")",male,,1.0,1.0,2661
537,3.0,"Jensen, Mr. Niels Peder",male,48.0,0.0,0.0,350047
849,3.0,"Rouse, Mr. Richard Henry",male,50.0,0.0,0.0,A/5 3594
174,3.0,"Andersson, Mrs. Anders Johan (Alfrida Konstantia Brogren)",female,39.0,1.0,5.0,347082
87,2.0,"Hart, Mr. Benjamin",male,43.0,1.0,1.0,F.C.C. 13529
551,3.0,"Sage, Miss. Stella Anna",female,,8.0,2.0,CA. 2343
705,3.0,"Staneff, Mr. Ivan",male,,0.0,0.0,349208
314,3.0,"Davies, Mr. Joseph",male,17.0,2.0,0.0,A/4 48873
600,3.0,"Carlsson, Mr. August Sigfrid",male,28.0,0.0,0.0,350042
1094,2.0,"Kantor, Mrs. Sinai (Miriam Sternin)",female,24.0,1.0,0.0,244367
599,3.0,"Dennis, Mr. William",male,36.0,0.0,0.0,A/5 21175
277,2.0,"Richard, Mr. Emile",male,23.0,0.0,0.0,SC/PARIS 2133
1033,3.0,"Howard, Miss. May Elizabeth",female,,0.0,0.0,A. 2. 39186
763,1.0,"Giglio, Mr. Victor",male,24.0,0.0,0.0,PC 17593
835,3.0,"Karun, Miss. Manca",female,4.0,0.0,1.0,349256
1216,1.0,"Kimball, Mrs. Edwin Nelson Jr (Gertrude Parsons)",female,45.0,1.0,0.0,11753
559,3.0,"Augustsson, Mr. Albert",male,23.0,0.0,0.0,347468
684,2.0,"Becker, Miss. Ruth Elizabeth",female,12.0,2.0,1.0,230136
